"discovery_id","url","discovered_from","reason","research_group","parent_source_id","name","status","note","counted_in_126","do_not_drop","basis","parent_source_local_id","discovered_from_source_local_id","evidence_url","potential","web_refs","source_local_id","verification","next_action","local_id","checked_as_separate_source","discovery_basis","priority"
"FD-X001","https://projectexperts.ru/user/bestspeakers/","edtech-05","Связанный сайт издателя: абсолютные даты и те же номера запросов; прочитано как подтверждение наблюдений исходного канала, не 21-й канал.","edtech","FD-S011","https://projectexperts.ru/user/bestspeakers/","discovered_not_fully_reviewed","Связанный сайт издателя: абсолютные даты и те же номера запросов; прочитано как подтверждение наблюдений исходного канала, не 21-й канал.","false","true","","","","","","","","","","","","",""
"FD-X002","https://t.me/npsonline","edtech-07","Основной чат Digital Learning, обнаружен в описании; не исследован.","edtech","FD-S013","https://t.me/npsonline","discovered_not_fully_reviewed","Основной чат Digital Learning, обнаружен в описании; не исследован.","false","true","","","","","","","","","","","","",""
"FD-X003","https://t.me/osipov_education_lab","edtech-09","Связанный методический чат; не исследован.","edtech","FD-S015","https://t.me/osipov_education_lab","discovered_not_fully_reviewed","Связанный методический чат; не исследован.","false","true","","","","","","","","","","","","",""
"FD-X004","https://t.me/ZaprosiNaSpikerov","edtech-05","Дополнительный канал публикации заявок BestSpeakers; не исследован.","edtech","FD-S011","https://t.me/ZaprosiNaSpikerov","discovered_not_fully_reviewed","Дополнительный канал публикации заявок BestSpeakers; не исследован.","false","true","","","","","","","","","","","","",""
"FD-X005","https://elearningelements.ru/eespeakers","edtech-20","Прочитан связанный официальный отбор спикеров; дедлайн 30.09 уже прошёл.","edtech","FD-S026","https://elearningelements.ru/eespeakers","discovered_not_fully_reviewed","Прочитан связанный официальный отбор спикеров; дедлайн 30.09 уже прошёл.","false","true","","","","","","","","","","","","",""
"FD-X006","https://method.gsom.spbu.ru","edtech-18","Связанный методический портал; самостоятельный канал спроса не проверен.","edtech","FD-S024","https://method.gsom.spbu.ru","discovered_not_fully_reviewed","Связанный методический портал; самостоятельный канал спроса не проверен.","false","true","","","","","","","","","","","","",""
"FD-X007","https://t.me/LessonDelivery","edtech-12","Основной канал LessonDelivery; самостоятельная лента не проверена.","edtech","FD-S018","https://t.me/LessonDelivery","discovered_not_fully_reviewed","Основной канал LessonDelivery; самостоятельная лента не проверена.","false","true","","","","","","","","","","","","",""
"FD-X008","https://t.me/strategy_speakers","edtech-01","Школа выступлений; дополнительный маршрут, не проверен.","edtech","FD-S007","https://t.me/strategy_speakers","discovered_not_fully_reviewed","Школа выступлений; дополнительный маршрут, не проверен.","false","true","","","","","","","","","","","","",""
"FD-X009","https://t.me/gonorar2days","edtech-01","Платный маршрут заявок; содержимое не открывалось и не оплачивалось.","edtech","FD-S007","https://t.me/gonorar2days","discovered_not_fully_reviewed","Платный маршрут заявок; содержимое не открывалось и не оплачивалось.","false","true","","","","","","","","","","","","",""
"FD-X010","https://t.me/s/ielearning","","","hr","","Digital Learning — официальный канал","discovered_not_fully_reviewed","Официальный канал указывает чат npsonline; найден поиском при проверке hr-02.","false","true","Официальный канал указывает чат npsonline; найден поиском при проверке hr-02.","","","","","","","","","","","",""
"FD-X011","https://t.me/rff_channel","","","hr","","Recruitment for Friends — канал","discovered_not_fully_reviewed","Указан в карточке чата rff_chat.","false","true","Указан в карточке чата rff_chat.","","","","","","","","","","","",""
"FD-X012","https://vk.com/HRtrain","","","hr","","HRtrain — сообщество ВКонтакте","discovered_not_fully_reviewed","Ссылка в официальной Telegram-карточке hr-04; публикации VK отдельно не проверены.","false","true","Ссылка в официальной Telegram-карточке hr-04; публикации VK отдельно не проверены.","","","","","","","","","","","",""
"FD-X013","https://t.me/hrhubvacancy300","","","hr","","HR[хаб] вакансии от 300 тысяч","discovered_not_fully_reviewed","Указан в описании hr-18; отдельно не проверен.","false","true","Указан в описании hr-18; отдельно не проверен.","","","","","","","","","","","",""
"FD-X014","https://t.me/hrhubjunior","","","hr","","HR[хаб] junior","discovered_not_fully_reviewed","Указан в описании hr-18; отдельно не проверен.","false","true","Указан в описании hr-18; отдельно не проверен.","","","","","","","","","","","",""
"FD-X015","https://www.unicraft.org/blog/avtor-bloga/","","","providers","FD-S049","Unicraft — приглашение авторов блога","child_page_read","Прочитан внутри источника, не добавлен в счетчик 20.","false","true","","providers-03","","","","","","","","","","",""
"FD-X016","https://levellab.ru/job","","","providers","FD-S052","LEVEL — карьера","child_page_read","Штатные вакансии; отдельного подрядного канала не установлено.","false","true","","providers-06","","","","","","","","","","",""
"FD-X017","https://uprav.ru/teachers/","","","providers","FD-S055","РШУ — преподаватели","child_page_read","Экспертный пул в дополнение к агентской странице.","false","true","","providers-09","","","","","","","","","","",""
"FD-X018","https://www.ispring.ru/company/jobs/vacancies","","","providers","FD-S048","iSpring — вакансии","search_index","Обнаружено при поиске; отдельное обследование не проводилось.","false","true","","providers-02","","","","","","","","","","",""
"FD-X019","https://t.me/practicum_experts","","","providers","","Яндекс Практикум — Telegram экспертов","Профиль открыт; публичная лента /s/ недоступна web-инструменту. Даты постов не прочитаны.","","false","true","","","providers-15","https://practicum.yandex.ru/job/vacancy-384/","Официально рекомендован для новых открытых предложений.","[""turn657view1"",""turn661view4"",""turn664view2""]","","","","","","",""
"FD-X020","https://skillbox.ru/jobs/","","","providers","","Skillbox — общие вакансии","Найдено в поиске; отдельно не обследовано.","","false","true","","","providers-16","https://skillbox.ru/jobs/","Альтернативный официальный маршрут; выдача показывает общий найм, не экспертный подряд.","[""turn657search11""]","","","","","","",""
"FD-X021","https://bi-school.ru/priglashaem-v-zakrytyj-klub-spikerov/","","","providers","","Бизнес Инсайт — закрытый клуб и подписка на запросы","Публичное описание прочитано; закрытая группа не посещалась.","","false","true","","","providers-19","https://bi-school.ru/priglashaem-v-zakrytyj-klub-spikerov/","Заявлено размещение запросов организаторов в закрытой группе. Публикация 13.03.2026; цена и свежесть запросов неизвестны.","[""turn661view1""]","","","","","","",""
"FD-X022","https://www.kadrovik-praktik.ru/Sotrudnichestvo/","","Предлагает собственные статьи и распространение подписки; не спрос на обучение.","functional","FD-S069","Кадровик-практик — сотрудничество","content_read","Предлагает собственные статьи и распространение подписки; не спрос на обучение.","false","true","","","","","","[""turn651view0""]","functional-03","content_read","","","","",""
"FD-X023","https://www.e-xecutive.ru/pages/guide","","Постоянный редакционный вход; отделять от закупок обучения.","functional","FD-S072","Executive.ru — правила для авторов","content_read","Постоянный редакционный вход; отделять от закупок обучения.","false","true","","","","","","[""turn705view0""]","functional-06","content_read","","","","",""
"FD-X024","https://www.profiz.ru/kr/authors/","","Новая поверхность после редиректа; допускает авторское вознаграждение.","functional","FD-S074","Profiz — приглашение авторов","content_read","Новая поверхность после редиректа; допускает авторское вознаграждение.","false","true","","","","","","[""turn714view0""]","functional-08","content_read","","","","",""
"FD-X025","https://www.tendery.ru/forum/viewforum.php?f=29","","Раздел отзывов и выбора курсов; прочитан URL с сессионным параметром, приведён постоянный адрес без него.","functional","FD-S075","Тендеры.ру — раздел обучения","content_read","Раздел отзывов и выбора курсов; прочитан URL с сессионным параметром, приведён постоянный адрес без него.","false","true","","","","","","[""turn699view0""]","functional-09","content_read","","","","",""
"FD-X026","https://cpoclub.ru/","","Отдельная функция страницы: партнёры и приглашённые эксперты.","functional","FD-S079","CPO Club — партнёрский вход","content_read","Отдельная функция страницы: партнёры и приглашённые эксперты.","false","true","","","","","","[""turn670view0""]","functional-13","content_read","","","","",""
"FD-X027","https://corptreasury.ru/about/%D1%81ommittees/","","Именной функциональный маршрут взаимодействия с образовательными организациями; не открытая заявка.","functional","FD-S080","АКК — комитет обучения и сертификации","content_read","Именной функциональный маршрут взаимодействия с образовательными организациями; не открытая заявка.","false","true","","","","","","[""turn738view0""]","functional-14","content_read","","","","",""
"FD-X028","https://appminfo.ru/news","","Дополнительный поток образовательных проектов и партнёрств; отдельный полный просмотр не выполнялся.","functional","FD-S081","APPM — новости","search_index","Дополнительный поток образовательных проектов и партнёрств; отдельный полный просмотр не выполнялся.","false","true","","","","","","[""turn733search1""]","functional-15","search_index","","","","",""
"FD-X029","https://assud.ru/predlozhit-temu-doklada/","","Доступная публичная форма экспертного предложения.","functional","FD-S082","АСУД — предложить тему доклада","content_read","Доступная публичная форма экспертного предложения.","false","true","","","","","","[""turn712view0""]","functional-16","content_read","","","","",""
"FD-X030","https://assud.ru/zayavka-na-partnerstvo/","","Форма содержит старую дату 23.09.2025; условия и связь с 2027 нужно уточнить.","functional","FD-S082","АСУД — условия партнёрства","content_read","Форма содержит старую дату 23.09.2025; условия и связь с 2027 нужно уточнить.","false","true","","","","","","[""turn712view1""]","functional-16","content_read","","","","",""
"FD-X031","https://nokc.org.ru/programmy-professionalnogo-razvitiya/","","Портфель программ; предложение обучения, не подтверждённая закупка.","functional","FD-S085","НОКС — Центр профессиональных компетенций","search_index","Портфель программ; предложение обучения, не подтверждённая закупка.","false","true","","","","","","[""turn730search1""]","functional-19","search_index","","","","",""
"FD-X032","https://club.klerk.ru/t/ishhu-onlajn-prepodavatelya-buhuchyota/8201","","Найден запрос преподавателя, но страница не открылась; дата, аудитория и актуальность неизвестны. Не свежий лид.","functional","FD-S070","Клерк — поиск онлайн-преподавателя бухгалтерии","search_index","Найден запрос преподавателя, но страница не открылась; дата, аудитория и актуальность неизвестны. Не свежий лид.","false","true","","","","","","[""turn723search3"",""turn741view0""]","functional-04","search_index","","","","",""
"FD-X033","https://club.klerk.ru/t/obuchenie-speczialista-ved/1094756","","Потенциальный запрос из поискового индекса; страница не открылась, дата и корпоративный контекст не установлены.","functional","FD-S070","Клерк — обучение специалиста ВЭД","search_index","Потенциальный запрос из поискового индекса; страница не открылась, дата и корпоративный контекст не установлены.","false","true","","","","","","[""turn723search4"",""turn739view0""]","functional-04","search_index","","","","",""
"FD-X034","http://trainfest.kz","","","bykz","FD-S087","T&DFEST / Trainfest","linked_not_opened","Проверить актуальную программу и наличие приглашения экспертам; не входит в 20 проверенных каналов.","false","true","","","","https://t.me/tdh_channel","","","bykz-01","linked_not_opened","Проверить актуальную программу и наличие приглашения экспертам; не входит в 20 проверенных каналов.","","","",""
"FD-X035","https://hrarea.space","","","bykz","FD-S090","HR AREA — профессиональный портал","linked_not_opened","Проверить разделы запросов и локальную географию; в доступном Telegram-корпусе преобладает Узбекистан.","false","true","","","","https://t.me/s/hr_central_asia","","","bykz-04","linked_not_opened","Проверить разделы запросов и локальную географию; в доступном Telegram-корпусе преобладает Узбекистан.","","","",""
"FD-X036","https://edu.cci.by/","","","bykz","FD-S099","Центр делового образования БелТПП","attempt_timeout","Повторить публичное чтение; попытка перехода завершилась таймаутом.","false","true","","","","https://mogilev.cci.by/meropriyatiya/konferentsiya-kompetentsii-eksportera-kakie-navyki-neobkhodimy-dlya-effektivnoy-raboty/","","","bykz-13","attempt_timeout","Повторить публичное чтение; попытка перехода завершилась таймаутом.","","","",""
"FD-X037","https://eduexport.by/","","","bykz","FD-S099","Программа «Путь экспортера»","attempt_content_too_large","Открыть облегченный публичный раздел; содержимое превышает лимит загрузки.","false","true","","","","https://mogilev.cci.by/meropriyatiya/konferentsiya-kompetentsii-eksportera-kakie-navyki-neobkhodimy-dlya-effektivnoy-raboty/","","","bykz-13","attempt_content_too_large","Открыть облегченный публичный раздел; содержимое превышает лимит загрузки.","","","",""
"FD-X038","https://hr4people.kz/hr4peopleastana2026","","","bykz","FD-S104","HR4People Astana — отдельный выпуск","search_index","Прочитать дату события и отделить готовые кейсы от заявок на экспертов; не включать в счет проверенных 20.","false","true","","","","https://hr4people.kz/hr4peopleastana2026","","","bykz-18","search_index","Прочитать дату события и отделить готовые кейсы от заявок на экспертов; не включать в счет проверенных 20.","","","",""
"FD-X039","https://ahconferences.com/list_news","","","events","FD-S108","AHConferences — новостная лента","search_index","Проверить как отдельный канал в следующем проходе; не считать новый адрес доказанным заказом.","false","true","","events-02","","https://ahconferences.com/list_news","","[""turn782search23"",""turn785view1""]","","search_index","Проверить как отдельный канал в следующем проходе; не считать новый адрес доказанным заказом.","events-D01","false","Официальный поисковый след ленты; прямое открытие не удалось.","3"
"FD-X040","https://auditorium-cg.ru/","","","events","FD-S109","Auditorium — актуальный календарь","search_index","Проверить как отдельный канал в следующем проходе; не считать новый адрес доказанным заказом.","false","true","","events-03","","https://auditorium-cg.ru/","","[""turn757search4""]","","search_index","Проверить как отдельный канал в следующем проходе; не считать новый адрес доказанным заказом.","events-D02","false","Календарь 2026–2027 заменяет архивную точку входа elf23.","2"
"FD-X041","https://auditorium-cg.ru/elf2026","","","events","FD-S109","Auditorium — цифровое обучение 2026","search_index","Проверить как отдельный канал в следующем проходе; не считать новый адрес доказанным заказом.","false","true","","events-03","","https://auditorium-cg.ru/elf2026","","[""turn757search1""]","","search_index","Проверить как отдельный канал в следующем проходе; не считать новый адрес доказанным заказом.","events-D03","false","Новый выпуск темы seed; дата 29–30 сентября уже прошла.","2"
"FD-X042","https://auditorium-cg.ru/ilf2026","","","events","FD-S109","Auditorium — обучение производственного персонала 2026","search_index","Проверить как отдельный канал в следующем проходе; не считать новый адрес доказанным заказом.","false","true","","events-03","","https://auditorium-cg.ru/ilf2026","","[""turn757search10""]","","search_index","Проверить как отдельный канал в следующем проходе; не считать новый адрес доказанным заказом.","events-D04","false","Аудитория директоров обучения и корпоративных университетов; программа 1–2 октября, открытый бриф не подтверждён.","2"
"FD-X043","https://game-learn.ru/business-games","","","events","FD-S114","GAME & LEARN — тест-драйв деловых игр","content_read","Проверить как отдельный канал в следующем проходе; не считать новый адрес доказанным заказом.","false","true","","events-08","","https://game-learn.ru/business-games","","[""turn781view4""]","","content_read","Проверить как отдельный канал в следующем проходе; не считать новый адрес доказанным заказом.","events-D05","false","Дочерний формат управленческих игр, отдельная потенциальная программная площадка.","2"
"FD-X044","https://elearningelements.ru/","","","events","FD-S115","Learning Elements — следующий сезон","search_index","Проверить как отдельный канал в следующем проходе; не считать новый адрес доказанным заказом.","false","true","","events-09","","https://elearningelements.ru/","","[""turn767search4"",""turn785search0"",""turn781view1""]","","search_index","Проверить как отдельный канал в следующем проходе; не считать новый адрес доказанным заказом.","events-D06","false","В поиске указан июнь 2027, прямое чтение главной не удалось.","2"
"FD-X045","https://elearningelements.ru/journal","","","events","FD-S115","Learning Elements — журнал","search_index","Проверить как отдельный канал в следующем проходе; не считать новый адрес доказанным заказом.","false","true","","events-09","","https://elearningelements.ru/journal","","[""turn785search4""]","","search_index","Проверить как отдельный канал в следующем проходе; не считать новый адрес доказанным заказом.","events-D07","false","Канал анонсов событий и подготовки программы.","2"
"FD-X046","https://forms.yandex.ru/cloud/694bcdebd046887c0f369161/","","","events","FD-S115","Learning Elements — форма спикера","attempt_only","Проверить как отдельный канал в следующем проходе; не считать новый адрес доказанным заказом.","false","true","","events-09","","https://elearningelements.ru/for-speakers","","[""turn781view0"",""turn785view3""]","","attempt_only","Проверить как отдельный канал в следующем проходе; не считать новый адрес доказанным заказом.","events-D08","false","Официальная ссылка на форму; открылась лишь оболочка, поля и статус приёма не проверены.","2"
"FD-X047","https://t.me/learningelements","","","events","FD-S115","Learning Elements — Telegram","content_read","Проверить как отдельный канал в следующем проходе; не считать новый адрес доказанным заказом.","false","true","","events-09","","https://elearningelements.ru/for-speakers","","[""turn781view0""]","","content_read","Проверить как отдельный канал в следующем проходе; не считать новый адрес доказанным заказом.","events-D09","false","Адрес указан организатором; сама лента не прочитана.","2"
"FD-X048","https://www.mk-conference.ru/obychenie","","","events","FD-S117","МК-Конференции — другой выпуск стратегии обучения","search_index","Проверить как отдельный канал в следующем проходе; не считать новый адрес доказанным заказом.","false","true","","events-11","","https://www.mk-conference.ru/obychenie","","[""turn767search2""]","","search_index","Проверить как отдельный канал в следующем проходе; не считать новый адрес доказанным заказом.","events-D10","false","Дата 25–26 марта 2027 конфликтует с seed; не удалять оба адреса до сверки.","2"
"FD-X049","https://www.mk-conference.ru/emplaw","","","events","FD-S117","МК-Конференции — трудовое право","content_read","Проверить как отдельный канал в следующем проходе; не считать новый адрес доказанным заказом.","false","true","","events-11","","https://www.mk-conference.ru/emplaw","","[""turn782view0"",""turn767search18""]","","content_read","Проверить как отдельный канал в следующем проходе; не считать новый адрес доказанным заказом.","events-D11","false","Будущий выпуск 26–27 ноября 2026 с приглашением докладчиков.","1"
"FD-X050","https://www.mk-conference.ru/ai","","","events","FD-S117","МК-Конференции — ИИ в управлении персоналом","search_index","Проверить как отдельный канал в следующем проходе; не считать новый адрес доказанным заказом.","false","true","","events-11","","https://www.mk-conference.ru/ai","","[""turn767search10""]","","search_index","Проверить как отдельный канал в следующем проходе; не считать новый адрес доказанным заказом.","events-D12","false","В выдаче есть отдельный программный маршрут спикеров.","2"
"FD-X051","https://finplace.ru/contacts/","","","events","FD-S118","FiNPLACE — контакты программы","content_read","Проверить как отдельный канал в следующем проходе; не считать новый адрес доказанным заказом.","false","true","","events-12","","https://finplace.ru/contacts/","","[""turn768view1""]","","content_read","Проверить как отдельный канал в следующем проходе; не считать новый адрес доказанным заказом.","events-D13","false","Отдельный контакт предложения доклада, дата актуального сезона неизвестна.","3"
"FD-X052","https://rabe.ru/news/sbor-predlozheniy-v-plan-meropriyatiy-rabo-na-2027-god.htm","","","events","FD-S120","РАБО — сбор плана 2027","content_read","Проверить как отдельный канал в следующем проходе; не считать новый адрес доказанным заказом.","false","true","","events-14","","https://rabe.ru/news/sbor-predlozheniy-v-plan-meropriyatiy-rabo-na-2027-god.htm","","[""turn771view0""]","","content_read","Проверить как отдельный канал в следующем проходе; не считать новый адрес доказанным заказом.","events-D14","false","Датированное 19.08.2026 приглашение предложений, сохранено наблюдением.","1"
"FD-X053","https://exportedu.ru/howto","","","events","FD-S121","Школа экспорта — как начать работу","search_index","Проверить как отдельный канал в следующем проходе; не считать новый адрес доказанным заказом.","false","true","","events-15","","https://exportedu.ru/howto","","[""turn768search5""]","","search_index","Проверить как отдельный канал в следующем проходе; не считать новый адрес доказанным заказом.","events-D15","false","В индексируемом тексте упомянуты графики периодических наборов тренеров и наставников.","2"
"FD-X054","https://pptrf.ru/projectmembers/education/","","","events","FD-S122","ФЦК — обучение Академии производительности","search_index","Проверить как отдельный канал в следующем проходе; не считать новый адрес доказанным заказом.","false","true","","events-16","","https://pptrf.ru/projectmembers/education/","","[""turn775search1""]","","search_index","Проверить как отдельный канал в следующем проходе; не считать новый адрес доказанным заказом.","events-D16","false","Отдельная учебная витрина; закупка или приглашение поставщиков пока не установлены.","2"