"discovery_id","url","discovered_from","reason","research_group","parent_source_id","name","status","note","counted_in_126","do_not_drop","record_added_in_version","reviewed_in_version","review_id","review_status","resolved_source_id","promotion_decision","review_evidence_url","last_checked_at","note_v1","basis","parent_source_local_id","discovered_from_source_local_id","evidence_url","potential","web_refs","source_local_id","verification","next_action","local_id","checked_as_separate_source","discovery_basis","priority","parent_target_id","candidate_kind"
"FD-X001","https://projectexperts.ru/user/bestspeakers/","edtech-05","Связанный сайт издателя: абсолютные даты и те же номера запросов; прочитано как подтверждение наблюдений исходного канала, не 21-й канал.","edtech","FD-S011","https://projectexperts.ru/user/bestspeakers/","content_read / dated_relevant_found","Связанный сайт издателя: абсолютные даты и те же номера запросов; прочитано как подтверждение наблюдений исходного канала, не 21-й канал.
Проверка v2: Новые пропущенные пронумерованные запросы с абсолютными датами; само зеркало не новый независимый источник.","false","true","1.0","2.0","digital-R01","dated_relevant_found","FD-S011","link_existing","https://projectexperts.ru/user/bestspeakers/","2026-10-01","Связанный сайт издателя: абсолютные даты и те же номера запросов; прочитано как подтверждение наблюдений исходного канала, не 21-й канал.","","","","","","","","","","","","","","",""
"FD-X002","https://t.me/npsonline","edtech-07","Основной чат Digital Learning, обнаружен в описании; не исследован.","edtech","FD-S013","https://t.me/npsonline","attempt_only / not_assessable","Основной чат Digital Learning, обнаружен в описании; не исследован.
Проверка v2: Установлен дубль уже существующего FD-S028.","false","true","1.0","2.0","digital-R02","not_assessable","FD-S028","link_existing","https://t.me/s/ielearning","2026-10-01","Основной чат Digital Learning, обнаружен в описании; не исследован.","","","","","","","","","","","","","","",""
"FD-X003","https://t.me/osipov_education_lab","edtech-09","Связанный методический чат; не исследован.","edtech","FD-S015","https://t.me/osipov_education_lab","content_read / not_assessable","Связанный методический чат; не исследован.
Проверка v2: Проверен ранее не обследованный адрес.","false","true","1.0","2.0","digital-R03","not_assessable","","retain_unresolved","https://t.me/osipov_education_lab","2026-10-01","Связанный методический чат; не исследован.","","","","","","","","","","","","","","",""
"FD-X004","https://t.me/ZaprosiNaSpikerov","edtech-05","Дополнительный канал публикации заявок BestSpeakers; не исследован.","edtech","FD-S011","https://t.me/ZaprosiNaSpikerov","content_read / not_assessable","Дополнительный канал публикации заявок BestSpeakers; не исследован.
Проверка v2: Подтверждён связанный групповой адрес, новых брифов из него нет.","false","true","1.0","2.0","digital-R04","not_assessable","FD-S011","link_existing","https://t.me/ZaprosiNaSpikerov","2026-10-01","Дополнительный канал публикации заявок BestSpeakers; не исследован.","","","","","","","","","","","","","","",""
"FD-X005","https://elearningelements.ru/eespeakers","edtech-20","Прочитан связанный официальный отбор спикеров; дедлайн 30.09 уже прошёл.","edtech","FD-S026","https://elearningelements.ru/eespeakers","attempt_only / not_assessable","Прочитан связанный официальный отбор спикеров; дедлайн 30.09 уже прошёл.
Проверка v2: Классифицировано как единичный отбор; нет оснований переоткрывать истекший дедлайн.","false","true","1.0","2.0","digital-R05","not_assessable","FD-S026","observation_only","https://elearningelements.ru/eespeakers","2026-10-01","Прочитан связанный официальный отбор спикеров; дедлайн 30.09 уже прошёл.","","","","","","","","","","","","","","",""
"FD-X006","https://method.gsom.spbu.ru","edtech-18","Связанный методический портал; самостоятельный канал спроса не проверен.","edtech","FD-S024","https://method.gsom.spbu.ru","content_read / standing_invitation_found","Связанный методический портал; самостоятельный канал спроса не проверен.
Проверка v2: Найден постоянный редакционный/экспертный маршрут, отличный от покупки обучения.","false","true","1.0","2.0","digital-R06","standing_invitation_found","FD-S024","link_existing","https://method.gsom.spbu.ru","2026-10-01","Связанный методический портал; самостоятельный канал спроса не проверен.","","","","","","","","","","","","","","",""
"FD-X007","https://t.me/LessonDelivery","edtech-12","Основной канал LessonDelivery; самостоятельная лента не проверена.","edtech","FD-S018","https://t.me/LessonDelivery","content_read / no_relevant_in_viewed_sample","Основной канал LessonDelivery; самостоятельная лента не проверена.
Проверка v2: Проверен ранее не обследованный адрес.","false","true","1.0","2.0","digital-R07","no_relevant_in_viewed_sample","FD-S127","promote","https://t.me/LessonDelivery","2026-10-01","Основной канал LessonDelivery; самостоятельная лента не проверена.","","","","","","","","","","","","","","",""
"FD-X008","https://t.me/strategy_speakers","edtech-01","Школа выступлений; дополнительный маршрут, не проверен.","edtech","FD-S007","https://t.me/strategy_speakers","attempt_only / not_assessable","Школа выступлений; дополнительный маршрут, не проверен.
Проверка v2: Доступ не подтверждён; не считать проверенным каналом заказов.","false","true","1.0","2.0","digital-R08","not_assessable","","retain_unresolved","https://t.me/strategy_speakers","2026-10-01","Школа выступлений; дополнительный маршрут, не проверен.","","","","","","","","","","","","","","",""
"FD-X009","https://t.me/gonorar2days","edtech-01","Платный маршрут заявок; содержимое не открывалось и не оплачивалось.","edtech","FD-S007","https://t.me/gonorar2days","attempt_only / not_assessable","Платный маршрут заявок; содержимое не открывалось и не оплачивалось.
Проверка v2: Проверен ранее не обследованный адрес.","false","true","1.0","2.0","digital-R09","not_assessable","","retain_unresolved","https://t.me/gonorar2days","2026-10-01","Платный маршрут заявок; содержимое не открывалось и не оплачивалось.","","","","","","","","","","","","","","",""
"FD-X010","https://t.me/s/ielearning","","","hr","","Digital Learning — официальный канал","content_read / no_relevant_in_viewed_sample","Официальный канал указывает чат npsonline; найден поиском при проверке hr-02.
Проверка v2: Подтвержден дубль FD-S013; новых заказов не выявлено.","false","true","1.0","2.0","digital-R10","no_relevant_in_viewed_sample","FD-S013","link_existing","https://t.me/s/ielearning","2026-10-01","Официальный канал указывает чат npsonline; найден поиском при проверке hr-02.","Официальный канал указывает чат npsonline; найден поиском при проверке hr-02.","","","","","","","","","","","","","",""
"FD-X011","https://t.me/rff_channel","","","hr","","Recruitment for Friends — канал","content_read / no_relevant_in_viewed_sample","Указан в карточке чата rff_chat.
Проверка v2: Проверен ранее не обследованный адрес.","false","true","1.0","2.0","digital-R11","no_relevant_in_viewed_sample","FD-S128","promote","https://t.me/s/rff_channel?before=3931","2026-10-01","Указан в карточке чата rff_chat.","Указан в карточке чата rff_chat.","","","","","","","","","","","","","",""
"FD-X012","https://vk.com/HRtrain","","","hr","","HRtrain — сообщество ВКонтакте","attempt_only / not_assessable","Ссылка в официальной Telegram-карточке hr-04; публикации VK отдельно не проверены.
Проверка v2: Сообщения VK не получены; родственный Telegram уже FD-S030.","false","true","1.0","2.0","digital-R12","not_assessable","FD-S030","retain_unresolved","https://vk.com/HRtrain","2026-10-01","Ссылка в официальной Telegram-карточке hr-04; публикации VK отдельно не проверены.","Ссылка в официальной Telegram-карточке hr-04; публикации VK отдельно не проверены.","","","","","","","","","","","","","",""
"FD-X013","https://t.me/hrhubvacancy300","","","hr","","HR[хаб] вакансии от 300 тысяч","content_read / only_early_signals","Указан в описании hr-18; отдельно не проверен.
Проверка v2: Проверен ранее не обследованный адрес.","false","true","1.0","2.0","digital-R13","only_early_signals","FD-S129","promote","https://t.me/s/hrhubvacancy300?before=444","2026-10-01","Указан в описании hr-18; отдельно не проверен.","Указан в описании hr-18; отдельно не проверен.","","","","","","","","","","","","","",""
"FD-X014","https://t.me/hrhubjunior","","","hr","","HR[хаб] junior","content_read / no_relevant_in_viewed_sample","Указан в описании hr-18; отдельно не проверен.
Проверка v2: Проверен ранее не обследованный адрес.","false","true","1.0","2.0","digital-R14","no_relevant_in_viewed_sample","FD-S130","promote","https://t.me/s/hrhubjunior?before=130","2026-10-01","Указан в описании hr-18; отдельно не проверен.","Указан в описании hr-18; отдельно не проверен.","","","","","","","","","","","","","",""
"FD-X015","https://www.unicraft.org/blog/avtor-bloga/","","","providers","FD-S049","Unicraft — приглашение авторов блога","content_read / standing_invitation_found","Прочитан внутри источника, не добавлен в счетчик 20.
Проверка v2: Подтверждён прежний пул без новой даты или нового заказа.","false","true","1.0","2.0","digital-R15","standing_invitation_found","FD-S049","link_existing","https://www.unicraft.org/blog/avtor-bloga/","2026-10-01","Прочитан внутри источника, не добавлен в счетчик 20.","","providers-03","","","","","","","","","","","","",""
"FD-X016","https://levellab.ru/job","","","providers","FD-S052","LEVEL — карьера","content_read / only_early_signals","Штатные вакансии; отдельного подрядного канала не установлено.
Проверка v2: Добавлен проверенный маршрут карьерного списка; нового прямого заказа нет.","false","true","1.0","2.0","digital-R16","only_early_signals","FD-S052","link_existing","https://levellab.ru/job","2026-10-01","Штатные вакансии; отдельного подрядного канала не установлено.","","providers-06","","","","","","","","","","","","",""
"FD-X017","https://uprav.ru/teachers/","","","providers","FD-S055","РШУ — преподаватели","content_read / standing_invitation_found","Экспертный пул в дополнение к агентской странице.
Проверка v2: Перепроверены этапы отбора; новых датированных запросов нет.","false","true","1.0","2.0","digital-R17","standing_invitation_found","FD-S055","link_existing","https://uprav.ru/teachers/","2026-10-01","Экспертный пул в дополнение к агентской странице.","","providers-09","","","","","","","","","","","","",""
"FD-X018","https://www.ispring.ru/company/jobs/vacancies","","","providers","FD-S048","iSpring — вакансии","content_read / no_relevant_in_viewed_sample","Обнаружено при поиске; отдельное обследование не проводилось.
Проверка v2: Проверен дополнительный кадровый маршрут, но прямого спроса на услуги МИСБ пока не найдено.","false","true","1.0","2.0","digital-R18","no_relevant_in_viewed_sample","FD-S131","promote","https://www.ispring.ru/company/jobs/vacancies","2026-10-01","Обнаружено при поиске; отдельное обследование не проводилось.","","providers-02","","","","","","","","","","","","",""
"FD-X019","https://t.me/practicum_experts","","","providers","","Яндекс Практикум — Telegram экспертов","content_read / undated_relevant_found","
Проверка v2: Вместо profile_only из v1 найден публичный архив сообщений и несколько ранее не сохранённых наборов авторов.","false","true","1.0","2.0","digital-R19","undated_relevant_found","FD-S132","promote","https://t.me/s/practicum_experts?before=849","2026-10-01","","","","providers-15","https://practicum.yandex.ru/job/vacancy-384/","Официально рекомендован для новых открытых предложений.","[""turn657view1"",""turn661view4"",""turn664view2""]","","","","","","","","",""
"FD-X020","https://skillbox.ru/jobs/","","","providers","","Skillbox — общие вакансии","content_read / no_relevant_in_viewed_sample","
Проверка v2: Проверен общий кадровый адрес; исходный портал экспертов остаётся отдельным маршрутом.","false","true","1.0","2.0","digital-R20","no_relevant_in_viewed_sample","FD-S133","promote","https://skillbox.ru/jobs/","2026-10-01","","","","providers-16","https://skillbox.ru/jobs/","Альтернативный официальный маршрут; выдача показывает общий найм, не экспертный подряд.","[""turn657search11""]","","","","","","","","",""
"FD-X021","https://bi-school.ru/priglashaem-v-zakrytyj-klub-spikerov/","","","providers","","Бизнес Инсайт — закрытый клуб и подписка на запросы","content_read / standing_invitation_found","
Проверка v2: Добавлена отдельная запись о маршруте подписки; она не новый свежий заказ.","false","true","1.0","2.0","digital-R21","standing_invitation_found","FD-S065","link_existing","https://bi-school.ru/priglashaem-v-zakrytyj-klub-spikerov/","2026-10-01","","","","providers-19","https://bi-school.ru/priglashaem-v-zakrytyj-klub-spikerov/","Заявлено размещение запросов организаторов в закрытой группе. Публикация 13.03.2026; цена и свежесть запросов неизвестны.","[""turn661view1""]","","","","","","","","",""
"FD-X022","https://www.kadrovik-praktik.ru/Sotrudnichestvo/","","Предлагает собственные статьи и распространение подписки; не спрос на обучение.","functional","FD-S069","Кадровик-практик — сотрудничество","content_read / no_relevant_in_viewed_sample","Предлагает собственные статьи и распространение подписки; не спрос на обучение.
Проверка v2: Повторно исключена ошибочная трактовка как поиска внешних авторов или обучения: здесь издатель предлагает собственный контент и подписку.","false","true","1.0","2.0","discovery-functional-R01","no_relevant_in_viewed_sample","FD-S069","link_existing","https://www.kadrovik-praktik.ru/Sotrudnichestvo/","2026-10-01","Предлагает собственные статьи и распространение подписки; не спрос на обучение.","","","","","","[""turn651view0""]","functional-03","content_read","","","","","","",""
"FD-X023","https://www.e-xecutive.ru/pages/guide","","Постоянный редакционный вход; отделять от закупок обучения.","functional","FD-S072","Executive.ru — правила для авторов","content_read / standing_invitation_found","Постоянный редакционный вход; отделять от закупок обучения.
Проверка v2: Уточнён отбор материалов: личное авторство, практические результаты; реклама идёт в отдельный коммерческий отдел.","false","true","1.0","2.0","discovery-functional-R02","standing_invitation_found","FD-S072","link_existing","https://www.e-xecutive.ru/pages/guide","2026-10-01","Постоянный редакционный вход; отделять от закупок обучения.","","","","","","[""turn705view0""]","functional-06","content_read","","","","","","",""
"FD-X024","https://www.profiz.ru/kr/authors/","","Новая поверхность после редиректа; допускает авторское вознаграждение.","functional","FD-S074","Profiz — приглашение авторов","content_read / standing_invitation_found","Новая поверхность после редиректа; допускает авторское вознаграждение.
Проверка v2: Подтверждена отдельная редакционная поверхность Profiz после редиректа исходного форума; установлены ограничения по объёму и требования к материалам.","false","true","1.0","2.0","discovery-functional-R03","standing_invitation_found","FD-S134","promote","https://www.profiz.ru/kr/authors/","2026-10-01","Новая поверхность после редиректа; допускает авторское вознаграждение.","","","","","","[""turn714view0""]","functional-08","content_read","","","","","","",""
"FD-X025","https://www.tendery.ru/forum/viewforum.php?f=29","","Раздел отзывов и выбора курсов; прочитан URL с сессионным параметром, приведён постоянный адрес без него.","functional","FD-S075","Тендеры.ру — раздел обучения","content_read / no_relevant_in_viewed_sample","Раздел отзывов и выбора курсов; прочитан URL с сессионным параметром, приведён постоянный адрес без него.
Проверка v2: Адрес раздела открылся без сессионного параметра. Уточнён объём и возраст доступной выборки; 445 тем не исследованы целиком.","false","true","1.0","2.0","discovery-functional-R04","no_relevant_in_viewed_sample","FD-S075","link_existing","https://www.tendery.ru/forum/viewforum.php?f=29","2026-10-01","Раздел отзывов и выбора курсов; прочитан URL с сессионным параметром, приведён постоянный адрес без него.","","","","","","[""turn699view0""]","functional-09","content_read","","","","","","",""
"FD-X026","https://cpoclub.ru/","","Отдельная функция страницы: партнёры и приглашённые эксперты.","functional","FD-S079","CPO Club — партнёрский вход","content_read / standing_invitation_found","Отдельная функция страницы: партнёры и приглашённые эксперты.
Проверка v2: Подтверждено точное совпадение URL с родительским источником; не считать новой лентой. Общий объём закупок участников не является бюджетом обучения.","false","true","1.0","2.0","discovery-functional-R05","standing_invitation_found","FD-S079","link_existing","https://cpoclub.ru/","2026-10-01","Отдельная функция страницы: партнёры и приглашённые эксперты.","","","","","","[""turn670view0""]","functional-13","content_read","","","","","","",""
"FD-X027","https://corptreasury.ru/about/%D1%81ommittees/","","Именной функциональный маршрут взаимодействия с образовательными организациями; не открытая заявка.","functional","FD-S080","АКК — комитет обучения и сертификации","content_read / only_early_signals","Именной функциональный маршрут взаимодействия с образовательными организациями; не открытая заявка.
Проверка v2: Найдена новая датированная повестка сообщества: автоматизация и ИИ в казначействе. Комитет остаётся адресатом возможного партнёрства, без открытой заявки.","false","true","1.0","2.0","discovery-functional-R06","only_early_signals","FD-S080","link_existing","https://corptreasury.ru/about/%D1%81ommittees/","2026-10-01","Именной функциональный маршрут взаимодействия с образовательными организациями; не открытая заявка.","","","","","","[""turn738view0""]","functional-14","content_read","","","","","","",""
"FD-X028","https://appminfo.ru/news","","Дополнительный поток образовательных проектов и партнёрств; отдельный полный просмотр не выполнялся.","functional","FD-S081","APPM — новости","attempt_only / not_assessable","Дополнительный поток образовательных проектов и партнёрств; отдельный полный просмотр не выполнялся.
Проверка v2: Зафиксирован 403 и отрицательный результат поискового fallback; не повышать прежнюю search_index-проверку до content_read.","false","true","1.0","2.0","discovery-functional-R07","not_assessable","FD-S081","retain_unresolved","https://appminfo.ru/news","2026-10-01","Дополнительный поток образовательных проектов и партнёрств; отдельный полный просмотр не выполнялся.","","","","","","[""turn733search1""]","functional-15","search_index","","","","","","",""
"FD-X029","https://assud.ru/predlozhit-temu-doklada/","","Доступная публичная форма экспертного предложения.","functional","FD-S082","АСУД — предложить тему доклада","content_read / standing_invitation_found","Доступная публичная форма экспертного предложения.
Проверка v2: Подтверждена работоспособная поверхность приёма темы, но отправка формы и наличие свободных слотов не проверялись.","false","true","1.0","2.0","discovery-functional-R08","standing_invitation_found","FD-S082","link_existing","https://assud.ru/predlozhit-temu-doklada/","2026-10-01","Доступная публичная форма экспертного предложения.","","","","","","[""turn712view0""]","functional-16","content_read","","","","","","",""
"FD-X030","https://assud.ru/zayavka-na-partnerstvo/","","Форма содержит старую дату 23.09.2025; условия и связь с 2027 нужно уточнить.","functional","FD-S082","АСУД — условия партнёрства","content_read / standing_invitation_found","Форма содержит старую дату 23.09.2025; условия и связь с 2027 нужно уточнить.
Проверка v2: Повторно подтверждена старая дата. Эта форма не доказывает актуальность спонсорского пакета форума 2027.","false","true","1.0","2.0","discovery-functional-R09","standing_invitation_found","FD-S082","link_existing","https://assud.ru/zayavka-na-partnerstvo/","2026-10-01","Форма содержит старую дату 23.09.2025; условия и связь с 2027 нужно уточнить.","","","","","","[""turn712view1""]","functional-16","content_read","","","","","","",""
"FD-X031","https://nokc.org.ru/programmy-professionalnogo-razvitiya/","","Портфель программ; предложение обучения, не подтверждённая закупка.","functional","FD-S085","НОКС — Центр профессиональных компетенций","search_index / no_relevant_in_viewed_sample","Портфель программ; предложение обучения, не подтверждённая закупка.
Проверка v2: Подтверждён контакт куратора education@nokc.org.ru. Формулировка «направить запрос на корпоративное обучение» относится к покупке услуг НОКС, а не к найму НОКС внешнего провайдера.","false","true","1.0","2.0","discovery-functional-R10","no_relevant_in_viewed_sample","FD-S085","link_existing","https://nokc.org.ru/programmy-professionalnogo-razvitiya/","2026-10-01","Портфель программ; предложение обучения, не подтверждённая закупка.","","","","","","[""turn730search1""]","functional-19","search_index","","","","","","",""
"FD-X032","https://club.klerk.ru/t/ishhu-onlajn-prepodavatelya-buhuchyota/8201","","Найден запрос преподавателя, но страница не открылась; дата, аудитория и актуальность неизвестны. Не свежий лид.","functional","FD-S070","Клерк — поиск онлайн-преподавателя бухгалтерии","search_index / undated_relevant_found","Найден запрос преподавателя, но страница не открылась; дата, аудитория и актуальность неизвестны. Не свежий лид.
Проверка v2: Потенциально свежий неразобранный запрос переведён в архивный контекст: уже был на форуме в 2019. Не новый источник.","false","true","1.0","2.0","discovery-functional-R11","undated_relevant_found","FD-S070","observation_only","https://club.klerk.ru/t/ishhu-onlajn-prepodavatelya-buhuchyota/8201","2026-10-01","Найден запрос преподавателя, но страница не открылась; дата, аудитория и актуальность неизвестны. Не свежий лид.","","","","","","[""turn723search3"",""turn741view0""]","functional-04","search_index","","","","","","",""
"FD-X033","https://club.klerk.ru/t/obuchenie-speczialista-ved/1094756","","Потенциальный запрос из поискового индекса; страница не открылась, дата и корпоративный контекст не установлены.","functional","FD-S070","Клерк — обучение специалиста ВЭД","search_index / only_early_signals","Потенциальный запрос из поискового индекса; страница не открылась, дата и корпоративный контекст не установлены.
Проверка v2: Определён архивный контекст до июня 2024. Индекс показывает просьбу поделиться опытом обучения, а не подтверждённый корпоративный заказ.","false","true","1.0","2.0","discovery-functional-R12","only_early_signals","FD-S070","observation_only","https://club.klerk.ru/t/obuchenie-speczialista-ved/1094756","2026-10-01","Потенциальный запрос из поискового индекса; страница не открылась, дата и корпоративный контекст не установлены.","","","","","","[""turn723search4"",""turn739view0""]","functional-04","search_index","","","","","","",""
"FD-X034","http://trainfest.kz","","","bykz","FD-S087","T&DFEST / Trainfest","search_index / not_assessable","Проверить актуальную программу и наличие приглашения экспертам; не входит в 20 проверенных каналов.
Проверка v2: Выявлен связанный публичный профиль People in Focus / T&DFest для дальнейшей проверки идентичности. Свежесть и работа главного сайта не подтверждены.","false","true","1.0","2.0","discovery-functional-R13","not_assessable","FD-S087","retain_unresolved","http://trainfest.kz","2026-10-01","Проверить актуальную программу и наличие приглашения экспертам; не входит в 20 проверенных каналов.","","","","https://t.me/tdh_channel","","","bykz-01","linked_not_opened","Проверить актуальную программу и наличие приглашения экспертам; не входит в 20 проверенных каналов.","","","","","",""
"FD-X035","https://hrarea.space","","","bykz","FD-S090","HR AREA — профессиональный портал","content_read / standing_invitation_found","Проверить разделы запросов и локальную географию; в доступном Telegram-корпусе преобладает Узбекистан.
Проверка v2: Вместо одного TG-канала найдён конкретный действующий маршрут коллабораций с формой и контактами. Казахстан есть в аудитории; офлайн-часть базируется в Ташкенте.","false","true","1.0","2.0","discovery-functional-R14","standing_invitation_found","FD-S135","promote","https://hrarea.space","2026-10-01","Проверить разделы запросов и локальную географию; в доступном Telegram-корпусе преобладает Узбекистан.","","","","https://t.me/s/hr_central_asia","","","bykz-04","linked_not_opened","Проверить разделы запросов и локальную географию; в доступном Telegram-корпусе преобладает Узбекистан.","","","","","",""
"FD-X036","https://edu.cci.by/","","","bykz","FD-S099","Центр делового образования БелТПП","content_read / only_early_signals","Повторить публичное чтение; попытка перехода завершилась таймаутом.
Проверка v2: Установлены фактический тип страницы, программа, оргконтакт и тариф посетителя 100 BYN. Этот тариф не является бюджетом заказа или гонораром спикера.","false","true","1.0","2.0","discovery-functional-R15","only_early_signals","FD-S099","observation_only","https://edu.cci.by/","2026-10-01","Повторить публичное чтение; попытка перехода завершилась таймаутом.","","","","https://mogilev.cci.by/meropriyatiya/konferentsiya-kompetentsii-eksportera-kakie-navyki-neobkhodimy-dlya-effektivnoy-raboty/","","","bykz-13","attempt_timeout","Повторить публичное чтение; попытка перехода завершилась таймаутом.","","","","","",""
"FD-X037","https://eduexport.by/","","","bykz","FD-S099","Программа «Путь экспортера»","search_index / no_relevant_in_viewed_sample","Открыть облегченный публичный раздел; содержимое превышает лимит загрузки.
Проверка v2: Подтверждена самостоятельная страница продукта из FD-O106; это предложение готового курса, не доказанный поиск преподавателей.","false","true","1.0","2.0","discovery-functional-R16","no_relevant_in_viewed_sample","FD-S099","observation_only","https://eduexport.by/","2026-10-01","Открыть облегченный публичный раздел; содержимое превышает лимит загрузки.","","","","https://mogilev.cci.by/meropriyatiya/konferentsiya-kompetentsii-eksportera-kakie-navyki-neobkhodimy-dlya-effektivnoy-raboty/","","","bykz-13","attempt_content_too_large","Открыть облегченный публичный раздел; содержимое превышает лимит загрузки.","","","","","",""
"FD-X038","https://hr4people.kz/hr4peopleastana2026","","","bykz","FD-S104","HR4People Astana — отдельный выпуск","content_read / only_early_signals","Прочитать дату события и отделить готовые кейсы от заявок на экспертов; не включать в счет проверенных 20.
Проверка v2: Разобрана отдельная майская программа: AI-кейсы Philip Morris Kazakhstan, Halyk Bank, ERG и кадровая программа Казатомпрома. Это другой выпуск, чем программа из FD-O110, но тот же источник FD-S104.","false","true","1.0","2.0","discovery-functional-R17","only_early_signals","FD-S104","observation_only","https://hr4people.kz/hr4peopleastana2026","2026-10-01","Прочитать дату события и отделить готовые кейсы от заявок на экспертов; не включать в счет проверенных 20.","","","","https://hr4people.kz/hr4peopleastana2026","","","bykz-18","search_index","Прочитать дату события и отделить готовые кейсы от заявок на экспертов; не включать в счет проверенных 20.","","","","","",""
"FD-X039","https://ahconferences.com/list_news","","","events","FD-S108","AHConferences — новостная лента","attempt_only / not_assessable","Проверить как отдельный канал в следующем проходе; не считать новый адрес доказанным заказом.
Проверка v2: Зафиксировано сохранение ошибки; новых запросов не подтверждено.","false","true","1.0","2.0","devents-R01","not_assessable","FD-S108","retain_unresolved","https://ahconferences.com/list_news","2026-10-01","Проверить как отдельный канал в следующем проходе; не считать новый адрес доказанным заказом.","","events-02","","https://ahconferences.com/list_news","","[""turn782search23"",""turn785view1""]","","search_index","Проверить как отдельный канал в следующем проходе; не считать новый адрес доказанным заказом.","events-D01","false","Официальный поисковый след ленты; прямое открытие не удалось.","3","",""
"FD-X040","https://auditorium-cg.ru/","","","events","FD-S109","Auditorium — актуальный календарь","content_read / only_early_signals","Проверить как отдельный канал в следующем проходе; не считать новый адрес доказанным заказом.
Проверка v2: Вместо поискового фрагмента прочитан календарь; найден текущий контакт по выступлениям для будущего выпуска.","false","true","1.0","2.0","devents-R02","only_early_signals","FD-S136","promote","https://auditorium-cg.ru/","2026-10-01","Проверить как отдельный канал в следующем проходе; не считать новый адрес доказанным заказом.","","events-03","","https://auditorium-cg.ru/","","[""turn757search4""]","","search_index","Проверить как отдельный канал в следующем проходе; не считать новый адрес доказанным заказом.","events-D02","false","Календарь 2026–2027 заменяет архивную точку входа elf23.","2","",""
"FD-X041","https://auditorium-cg.ru/elf2026","","","events","FD-S109","Auditorium — цифровое обучение 2026","content_read / only_early_signals","Проверить как отдельный канал в следующем проходе; не считать новый адрес доказанным заказом.
Проверка v2: Установлен более новый контакт Анны Кириленко; выпуск 2026 отделён от известного архива 2023.","false","true","1.0","2.0","devents-R03","only_early_signals","FD-S109","observation_only","https://auditorium-cg.ru/elf2026","2026-10-01","Проверить как отдельный канал в следующем проходе; не считать новый адрес доказанным заказом.","","events-03","","https://auditorium-cg.ru/elf2026","","[""turn757search1""]","","search_index","Проверить как отдельный канал в следующем проходе; не считать новый адрес доказанным заказом.","events-D03","false","Новый выпуск темы seed; дата 29–30 сентября уже прошла.","2","",""
"FD-X042","https://auditorium-cg.ru/ilf2026","","","events","FD-S109","Auditorium — обучение производственного персонала 2026","content_read / only_early_signals","Проверить как отдельный канал в следующем проходе; не считать новый адрес доказанным заказом.
Проверка v2: Подтверждён отдельный программный контакт; это событие для управленцев обучением, а не заявка на обучение рабочих.","false","true","1.0","2.0","devents-R04","only_early_signals","FD-S109","observation_only","https://auditorium-cg.ru/ilf2026","2026-10-01","Проверить как отдельный канал в следующем проходе; не считать новый адрес доказанным заказом.","","events-03","","https://auditorium-cg.ru/ilf2026","","[""turn757search10""]","","search_index","Проверить как отдельный канал в следующем проходе; не считать новый адрес доказанным заказом.","events-D04","false","Аудитория директоров обучения и корпоративных университетов; программа 1–2 октября, открытый бриф не подтверждён.","2","",""
"FD-X043","https://game-learn.ru/business-games","","","events","FD-S114","GAME & LEARN — тест-драйв деловых игр","content_read / undated_relevant_found","Проверить как отдельный канал в следующем проходе; не считать новый адрес доказанным заказом.
Проверка v2: Уточнены рабочий общий контакт welcome@game-learn.ru и тематика; это тот же выпуск GAME & LEARN, не новый запрос.","false","true","1.0","2.0","devents-R05","undated_relevant_found","FD-S114","observation_only","https://game-learn.ru/business-games","2026-10-01","Проверить как отдельный канал в следующем проходе; не считать новый адрес доказанным заказом.","","events-08","","https://game-learn.ru/business-games","","[""turn781view4""]","","content_read","Проверить как отдельный канал в следующем проходе; не считать новый адрес доказанным заказом.","events-D05","false","Дочерний формат управленческих игр, отдельная потенциальная программная площадка.","2","",""
"FD-X044","https://elearningelements.ru/","","","events","FD-S115","Learning Elements — следующий сезон","search_index / only_early_signals","Проверить как отдельный канал в следующем проходе; не считать новый адрес доказанным заказом.
Проверка v2: Сезон 2027 подтверждён расширенным текстом индекса; приём именно в программу 2027 не найден.","false","true","1.0","2.0","devents-R06","only_early_signals","FD-S115","link_existing","https://elearningelements.ru/","2026-10-01","Проверить как отдельный канал в следующем проходе; не считать новый адрес доказанным заказом.","","events-09","","https://elearningelements.ru/","","[""turn767search4"",""turn785search0"",""turn781view1""]","","search_index","Проверить как отдельный канал в следующем проходе; не считать новый адрес доказанным заказом.","events-D06","false","В поиске указан июнь 2027, прямое чтение главной не удалось.","2","",""
"FD-X045","https://elearningelements.ru/journal","","","events","FD-S115","Learning Elements — журнал","content_read / no_relevant_in_viewed_sample","Проверить как отдельный канал в следующем проходе; не считать новый адрес доказанным заказом.
Проверка v2: Установлено, что доступное представление журнала — навигационная поверхность, а не прочитанная новостная лента; найден договор для отдельной проверки.","false","true","1.0","2.0","devents-R07","no_relevant_in_viewed_sample","FD-S115","link_existing","https://elearningelements.ru/journal","2026-10-01","Проверить как отдельный канал в следующем проходе; не считать новый адрес доказанным заказом.","","events-09","","https://elearningelements.ru/journal","","[""turn785search4""]","","search_index","Проверить как отдельный канал в следующем проходе; не считать новый адрес доказанным заказом.","events-D07","false","Канал анонсов событий и подготовки программы.","2","",""
"FD-X046","https://forms.yandex.ru/cloud/694bcdebd046887c0f369161/","","","events","FD-S115","Learning Elements — форма спикера","attempt_only / not_assessable","Проверить как отдельный канал в следующем проходе; не считать новый адрес доказанным заказом.
Проверка v2: Форма повторно не прочитана; нельзя присвоить текущий сезон или статус приёма.","false","true","1.0","2.0","devents-R08","not_assessable","FD-S115","retain_unresolved","https://forms.yandex.ru/cloud/694bcdebd046887c0f369161/","2026-10-01","Проверить как отдельный канал в следующем проходе; не считать новый адрес доказанным заказом.","","events-09","","https://elearningelements.ru/for-speakers","","[""turn781view0"",""turn785view3""]","","attempt_only","Проверить как отдельный канал в следующем проходе; не считать новый адрес доказанным заказом.","events-D08","false","Официальная ссылка на форму; открылась лишь оболочка, поля и статус приёма не проверены.","2","",""
"FD-X047","https://t.me/learningelements","","","events","FD-S115","Learning Elements — Telegram","content_read / undated_relevant_found","Проверить как отдельный канал в следующем проходе; не считать новый адрес доказанным заказом.
Проверка v2: Впервые прочитана лента; найден самостоятельный call на 20.10.2026 с истёкшим сроком 30.09.2026.","false","true","1.0","2.0","devents-R09","undated_relevant_found","FD-S026","promote","https://t.me/s/learningelements","2026-10-01","Проверить как отдельный канал в следующем проходе; не считать новый адрес доказанным заказом.","","events-09","","https://elearningelements.ru/for-speakers","","[""turn781view0""]","","content_read","Проверить как отдельный канал в следующем проходе; не считать новый адрес доказанным заказом.","events-D09","false","Адрес указан организатором; сама лента не прочитана.","2","",""
"FD-X048","https://www.mk-conference.ru/obychenie","","","events","FD-S117","МК-Конференции — другой выпуск стратегии обучения","content_read / standing_invitation_found","Проверить как отдельный канал в следующем проходе; не считать новый адрес доказанным заказом.
Проверка v2: Новый URL показывает согласованные даты события и тарифных сроков марта 2027; уточнён маршрут рег@/contact. Старый февральский URL не удаляется.","false","true","1.0","2.0","devents-R10","standing_invitation_found","FD-S117","observation_only","https://www.mk-conference.ru/obychenie","2026-10-01","Проверить как отдельный канал в следующем проходе; не считать новый адрес доказанным заказом.","","events-11","","https://www.mk-conference.ru/obychenie","","[""turn767search2""]","","search_index","Проверить как отдельный канал в следующем проходе; не считать новый адрес доказанным заказом.","events-D10","false","Дата 25–26 марта 2027 конфликтует с seed; не удалять оба адреса до сверки.","2","",""
"FD-X049","https://www.mk-conference.ru/emplaw","","","events","FD-S117","МК-Конференции — трудовое право","content_read / undated_relevant_found","Проверить как отдельный канал в следующем проходе; не считать новый адрес доказанным заказом.
Проверка v2: Уточнён контакт: ndr@mk-conference.ru обозначен для спикеров; contact@ — регистрация. Это обновление FD-O121.","false","true","1.0","2.0","devents-R11","undated_relevant_found","FD-S117","observation_only","https://www.mk-conference.ru/emplaw","2026-10-01","Проверить как отдельный канал в следующем проходе; не считать новый адрес доказанным заказом.","","events-11","","https://www.mk-conference.ru/emplaw","","[""turn782view0"",""turn767search18""]","","content_read","Проверить как отдельный канал в следующем проходе; не считать новый адрес доказанным заказом.","events-D11","false","Будущий выпуск 26–27 ноября 2026 с приглашением докладчиков.","1","",""
"FD-X050","https://www.mk-conference.ru/ai","","","events","FD-S117","МК-Конференции — ИИ в управлении персоналом","content_read / undated_relevant_found","Проверить как отдельный канал в следующем проходе; не считать новый адрес доказанным заказом.
Проверка v2: Из поисковой гипотезы получено прямое подтверждение конкретного приглашения на выпуск июня 2027.","false","true","1.0","2.0","devents-R12","undated_relevant_found","FD-S117","observation_only","https://www.mk-conference.ru/ai","2026-10-01","Проверить как отдельный канал в следующем проходе; не считать новый адрес доказанным заказом.","","events-11","","https://www.mk-conference.ru/ai","","[""turn767search10""]","","search_index","Проверить как отдельный канал в следующем проходе; не считать новый адрес доказанным заказом.","events-D12","false","В выдаче есть отдельный программный маршрут спикеров.","2","",""
"FD-X051","https://finplace.ru/contacts/","","","events","FD-S118","FiNPLACE — контакты программы","content_read / standing_invitation_found","Проверить как отдельный канал в следующем проходе; не считать новый адрес доказанным заказом.
Проверка v2: Существенных изменений относительно FD-O122 нет; повторный заказ не создаётся.","false","true","1.0","2.0","devents-R13","standing_invitation_found","FD-S118","link_existing","https://finplace.ru/contacts/","2026-10-01","Проверить как отдельный канал в следующем проходе; не считать новый адрес доказанным заказом.","","events-12","","https://finplace.ru/contacts/","","[""turn768view1""]","","content_read","Проверить как отдельный канал в следующем проходе; не считать новый адрес доказанным заказом.","events-D13","false","Отдельный контакт предложения доклада, дата актуального сезона неизвестна.","3","",""
"FD-X052","https://rabe.ru/news/sbor-predlozheniy-v-plan-meropriyatiy-rabo-na-2027-god.htm","","","events","FD-S120","РАБО — сбор плана 2027","content_read / dated_relevant_found","Проверить как отдельный канал в следующем проходе; не считать новый адрес доказанным заказом.
Проверка v2: Сохранено прежнее наблюдение FD-O123; добавлен опубликованный резервный адрес связи, а не новый заказ.","false","true","1.0","2.0","devents-R14","dated_relevant_found","FD-S120","observation_only","https://rabe.ru/news/sbor-predlozheniy-v-plan-meropriyatiy-rabo-na-2027-god.htm","2026-10-01","Проверить как отдельный канал в следующем проходе; не считать новый адрес доказанным заказом.","","events-14","","https://rabe.ru/news/sbor-predlozheniy-v-plan-meropriyatiy-rabo-na-2027-god.htm","","[""turn771view0""]","","content_read","Проверить как отдельный канал в следующем проходе; не считать новый адрес доказанным заказом.","events-D14","false","Датированное 19.08.2026 приглашение предложений, сохранено наблюдением.","1","",""
"FD-X053","https://exportedu.ru/howto","","","events","FD-S121","Школа экспорта — как начать работу","search_index / standing_invitation_found","Проверить как отдельный канал в следующем проходе; не считать новый адрес доказанным заказом.
Проверка v2: Уточнено, что howto — дополнительная инструкция к известной модели тренеров; текущая волна не установлена.","false","true","1.0","2.0","devents-R15","standing_invitation_found","FD-S121","link_existing","https://exportedu.ru/howto","2026-10-01","Проверить как отдельный канал в следующем проходе; не считать новый адрес доказанным заказом.","","events-15","","https://exportedu.ru/howto","","[""turn768search5""]","","search_index","Проверить как отдельный канал в следующем проходе; не считать новый адрес доказанным заказом.","events-D15","false","В индексируемом тексте упомянуты графики периодических наборов тренеров и наставников.","2","",""
"FD-X054","https://pptrf.ru/projectmembers/education/","","","events","FD-S122","ФЦК — обучение Академии производительности","search_index / not_assessable","Проверить как отдельный канал в следующем проходе; не считать новый адрес доказанным заказом.
Проверка v2: Получение содержимого всё ещё не удалось; учебная витрина не превращается в подтверждённый источник заказов.","false","true","1.0","2.0","devents-R16","not_assessable","FD-S122","retain_unresolved","https://pptrf.ru/projectmembers/education/","2026-10-01","Проверить как отдельный канал в следующем проходе; не считать новый адрес доказанным заказом.","","events-16","","https://pptrf.ru/projectmembers/education/","","[""turn775search1""]","","search_index","Проверить как отдельный канал в следующем проходе; не считать новый адрес доказанным заказом.","events-D16","false","Отдельная учебная витрина; закупка или приглашение поставщиков пока не установлены.","2","",""
"FD-X055","https://method.gsom.spbu.ru/community","","Постоянный маршрут предложений экспертных мероприятий, бесплатно, гонорар не обещан.","v2_discovery_digital","FD-S024","Method.GSOM — сообщество и правила","content_read","Постоянный маршрут предложений экспертных мероприятий, бесплатно, гонорар не обещан.","false","true","2.0","","","","","","","","","","","","","","","","content_read","","","","","","FD-X006",""
"FD-X056","https://t.me/s/hrvacancies_rff","","Связанный канал вакансий обнаружен в поиске; сам не обследован.","v2_discovery_digital","FD-S128","RFF — канал HR-вакансий","search_index","Связанный канал вакансий обнаружен в поиске; сам не обследован.","false","true","2.0","","","","","","","","","","","","","","","","search_index","","","","","","FD-X011",""
"FD-X057","https://elearningelements.ru/iispeakers","","Другой единичный отбор, событие 16–17.09.2026, срок 15.08; не новый постоянный источник.","v2_discovery_digital","FD-S026","ИИ.Elements — отбор докладов","search_index","Другой единичный отбор, событие 16–17.09.2026, срок 15.08; не новый постоянный источник.","false","true","2.0","","","","","","","","","","","","","","","","search_index","","","","","","FD-X005",""
"FD-X058","https://t.me/hrhubhrevents","","Адрес опубликован в прочитанной ленте junior; отдельная проверка не выполнялась, это очередь расширения.","v2_discovery_digital","FD-S130","HR[хаб] — HR события","content_read","Адрес опубликован в прочитанной ленте junior; отдельная проверка не выполнялась, это очередь расширения.","false","true","2.0","","","","","","","","","","","","","","","","content_read","","","","","","FD-X014",""
"FD-X059","https://t.me/hrhubCLEVELevents","","Адрес опубликован в прочитанной ленте junior; отдельная проверка не выполнялась, это очередь расширения.","v2_discovery_digital","FD-S130","HR[хаб] — события топ-менеджеров","content_read","Адрес опубликован в прочитанной ленте junior; отдельная проверка не выполнялась, это очередь расширения.","false","true","2.0","","","","","","","","","","","","","","","","content_read","","","","","","FD-X014",""
"FD-X060","https://t.me/hrhubfinevents","","Адрес опубликован в прочитанной ленте junior; отдельная проверка не выполнялась, это очередь расширения.","v2_discovery_digital","FD-S130","HR[хаб] — финансовые события","content_read","Адрес опубликован в прочитанной ленте junior; отдельная проверка не выполнялась, это очередь расширения.","false","true","2.0","","","","","","","","","","","","","","","","content_read","","","","","","FD-X014",""
"FD-X061","https://t.me/hrhubmarevents","","Адрес опубликован в прочитанной ленте junior; отдельная проверка не выполнялась, это очередь расширения.","v2_discovery_digital","FD-S130","HR[хаб] — маркетинговые события","content_read","Адрес опубликован в прочитанной ленте junior; отдельная проверка не выполнялась, это очередь расширения.","false","true","2.0","","","","","","","","","","","","","","","","content_read","","","","","","FD-X014",""
"FD-X062","https://t.me/hrhubITevents","","Адрес опубликован в прочитанной ленте junior; отдельная проверка не выполнялась, это очередь расширения.","v2_discovery_digital","FD-S130","HR[хаб] — ИТ события","content_read","Адрес опубликован в прочитанной ленте junior; отдельная проверка не выполнялась, это очередь расширения.","false","true","2.0","","","","","","","","","","","","","","","","content_read","","","","","","FD-X014",""
"FD-X063","https://t.me/hrhuballevents","","Адрес опубликован в прочитанной ленте junior; отдельная проверка не выполнялась, это очередь расширения.","v2_discovery_digital","FD-S130","HR[хаб] — все события","content_read","Адрес опубликован в прочитанной ленте junior; отдельная проверка не выполнялась, это очередь расширения.","false","true","2.0","","","","","","","","","","","","","","","","content_read","","","","","","FD-X014",""
"FD-X064","https://expert.skillbox.ru/","","Новый индекс показывает содержимое портала экспертов; FD-S062 ранее не читался. Сам портал в этом проходе не переобследован.","v2_discovery_digital","FD-S133","Skillbox — портал экспертов, повторная очередь","search_index","Новый индекс показывает содержимое портала экспертов; FD-S062 ранее не читался. Сам портал в этом проходе не переобследован.","false","true","2.0","","","","","","","","","","","","","","","","search_index","","","","","","FD-X020",""
"FD-X065","https://www.treasuryinside.ru/wp-content/uploads/2026/09/Treasure-Inside-9.pdf","","Прямой переход из новости подтвердил PDF на 84 страницы, но извлечённого текста нет. Выпуск журнала — дочерний материал, не самостоятельная лента.","v2_discovery_functional","FD-S080","АКК — Treasury Inside №9, PDF","attempt_only","Прямой переход из новости подтвердил PDF на 84 страницы, но извлечённого текста нет. Выпуск журнала — дочерний материал, не самостоятельная лента.","false","true","2.0","","","","","","","","","","","","","","","","attempt_only","","","","","","FD-X027",""
"FD-X066","https://hrarea.space/partners","","Прочитанный постоянный вход для совместных вебинаров, тематических недель и экспертного контента; связан с FD-S090.","v2_discovery_functional","FD-S135","HR AREA — условия партнёрства","content_read","Прочитанный постоянный вход для совместных вебинаров, тематических недель и экспертного контента; связан с FD-S090.","false","true","2.0","","","","","","","","","","","","","","","","content_read","","","","","","FD-X035",""
"FD-X067","https://hrarea.space/hr-area-breakfast","","Прочитаны публичные условия и календарь; преимущественно Ташкент, доступ к закрытой группе не запрашивался.","v2_discovery_functional","FD-S135","HR AREA Breakfast — публичная страница закрытого сообщества","content_read","Прочитаны публичные условия и календарь; преимущественно Ташкент, доступ к закрытой группе не запрашивался.","false","true","2.0","","","","","","","","","","","","","","","","content_read","","","","","","FD-X035",""
"FD-X068","https://www.facebook.com/TDfest/","","Поиск показывает историческую связь с trainfest.kz; проверить актуальность и идентичность перед продвижением.","v2_discovery_functional","FD-S087","People in Focus / T&DFest — публичный профиль","search_index","Поиск показывает историческую связь с trainfest.kz; проверить актуальность и идентичность перед продвижением.","false","true","2.0","","","","","","","","","","","","","","","","search_index","","","","","","FD-X034",""
"FD-X069","https://nokc.org.ru/programmy-professionalnogo-razvitiya-copy/","","Индексированная копия; возможный дубль, сохранить связь, не считать отдельным источником.","v2_discovery_functional","FD-S085","НОКС — копия страницы программ","search_index","Индексированная копия; возможный дубль, сохранить связь, не считать отдельным источником.","false","true","2.0","","","","","","","","","","","","","","","","search_index","","","","","","FD-X031",""
"FD-X070","https://eduexport.by/prodvizhenie-tovara/","","Индексированный модуль №4; отдельный продуктовый лендинг, не новый источник спроса.","v2_discovery_functional","FD-S099","Путь экспортера — продвижение товара","search_index","Индексированный модуль №4; отдельный продуктовый лендинг, не новый источник спроса.","false","true","2.0","","","","","","","","","","","","","","","","search_index","","","","","","FD-X037",""
"FD-X071","https://eduexport.by/zashchita-brenda/","","Индексированный модуль №3; проверить состав экспертов и возможное партнёрство, не приписывать открытый заказ.","v2_discovery_functional","FD-S099","Путь экспортера — защита бренда","search_index","Индексированный модуль №3; проверить состав экспертов и возможное партнёрство, не приписывать открытый заказ.","false","true","2.0","","","","","","","","","","","","","","","","search_index","","","","","","FD-X037",""
"FD-X072","https://eduexport.by/podgotovka-produkta/","","Индексированный модуль №2; наблюдение о портфеле учебного организатора.","v2_discovery_functional","FD-S099","Путь экспортера — подготовка продукта","search_index","Индексированный модуль №2; наблюдение о портфеле учебного организатора.","false","true","2.0","","","","","","","","","","","","","","","","search_index","","","","","","FD-X037",""
"FD-X073","https://elearningelements.ru/eespeakers","","Конкретный бриф; срок 30.09.2026 истёк. Observation only, не самостоятельный канал.","v2_discovery_events","FD-S026","Эксперты.Elements — call на октябрь","content_read","Конкретный бриф; срок 30.09.2026 истёк. Observation only, не самостоятельный канал.","false","true","2.0","","","","","","","","","","","","","","","","content_read","","","","","","FD-X047","single_item"
"FD-X074","https://t.me/s/learningelements","","Рабочее публичное представление назначенного Telegram-канала; связать как зеркало.","v2_discovery_events","FD-S026","Learning Elements — публичная лента Telegram","content_read","Рабочее публичное представление назначенного Telegram-канала; связать как зеркало.","false","true","2.0","","","","","","","","","","","","","","","","content_read","","","","","","FD-X047","mirror"
"FD-X075","https://t.me/learningelements/1511","","Конкретный пост подтверждён из ленты; дата публикации не извлечена. Связать с наблюдением, не новый источник.","v2_discovery_events","FD-S026","Learning Elements — исходный пост call","content_read","Конкретный пост подтверждён из ленты; дата публикации не извлечена. Связать с наблюдением, не новый источник.","false","true","2.0","","","","","","","","","","","","","","","","content_read","","","","","","FD-X047","single_item"
"FD-X076","https://disk.360.yandex.ru/d/kAiPu-0c3PtrcQ","","Официальная ссылка на договор. Карточка файла прочитана, сам PDF — нет; стоимость/вознаграждение не установлены.","v2_discovery_events","FD-S115","Learning Elements — условия использования авторского выступления","content_read","Официальная ссылка на договор. Карточка файла прочитана, сам PDF — нет; стоимость/вознаграждение не установлены.","false","true","2.0","","","","","","","","","","","","","","","","content_read","","","","","","FD-X045","single_item"
"FD-X077","https://auditorium-cg.ru/ccf26","","Будущий выпуск с прямым контактом выступлений. Карточка события, не отдельная лента.","v2_discovery_events","FD-S136","Auditorium — HR-КОНТЕНТ 2026","content_read","Будущий выпуск с прямым контактом выступлений. Карточка события, не отдельная лента.","false","true","2.0","","","","","","","","","","","","","","","","content_read","","","","","","FD-X040","single_item"
"FD-X078","https://auditorium-club.ru/","","Клуб руководителей связан из календаря и карточек; как канал экспертов отдельно не проверен.","v2_discovery_events","FD-S136","Auditorium Club","content_read","Клуб руководителей связан из календаря и карточек; как канал экспертов отдельно не проверен.","false","true","2.0","","","","","","","","","","","","","","","","content_read","","","","","","FD-X040","feed"
"FD-X079","https://t.me/hrafisha","","Партнёрская ссылка в программе Auditorium на канал HR-мероприятий; лента не читалась.","v2_discovery_events","FD-S109","HRафиша","content_read","Партнёрская ссылка в программе Auditorium на канал HR-мероприятий; лента не читалась.","false","true","2.0","","","","","","","","","","","","","","","","content_read","","","","","","FD-X041","feed"
"FD-X080","https://ashrm.ru/","","Партнёрская организация по обучению и развитию; отдельное чтение требуется.","v2_discovery_events","FD-S109","АНО Развитие человеческого потенциала","content_read","Партнёрская организация по обучению и развитию; отдельное чтение требуется.","false","true","2.0","","","","","","","","","","","","","","","","content_read","","","","","","FD-X041","feed"
"FD-X081","https://hrasc.ru/","","Официально связана из карточки форума; собственные запросы ещё не проверены.","v2_discovery_events","FD-S109","Ассоциация HR-экспертов Люди. Бизнес. Будущее","content_read","Официально связана из карточки форума; собственные запросы ещё не проверены.","false","true","2.0","","","","","","","","","","","","","","","","content_read","","","","","","FD-X042","feed"
"FD-X082","https://t.me/lxnotes","","Ссылка на профильное сообщество в карточке цифрового обучения; не заявляется прочитанной лентой.","v2_discovery_events","FD-S109","LX notes — образование как продукт","content_read","Ссылка на профильное сообщество в карточке цифрового обучения; не заявляется прочитанной лентой.","false","true","2.0","","","","","","","","","","","","","","","","content_read","","","","","","FD-X041","feed"
"FD-X083","https://www.directline.pro/digital-events/","","Партнёрская площадка с экспертными материалами и событиями; требует отдельного прохода.","v2_discovery_events","FD-S109","Directline — события","content_read","Партнёрская площадка с экспертными материалами и событиями; требует отдельного прохода.","false","true","2.0","","","","","","","","","","","","","","","","content_read","","","","","","FD-X041","feed"
"FD-X084","https://t.me/+pnhKGaQBKK1mYWQ6","","Опубликованная партнёрская ссылка, вступление не выполнялось; доступ не проверен.","v2_discovery_events","FD-S109","Календарь обучения — Telegram invite","content_read","Опубликованная партнёрская ссылка, вступление не выполнялось; доступ не проверен.","false","true","2.0","","","","","","","","","","","","","","","","content_read","","","","","","FD-X041","unknown"
"FD-X085","https://t.me/+Qj3xy4dU5NEyMzIy","","Партнёрская ссылка для HR и T&D, публичность не установлена; не вступать автоматически.","v2_discovery_events","FD-S109","Культура обучения и развития — Telegram invite","content_read","Партнёрская ссылка для HR и T&D, публичность не установлена; не вступать автоматически.","false","true","2.0","","","","","","","","","","","","","","","","content_read","","","","","","FD-X041","unknown"
"FD-X086","https://t.me/+h2pCPdkRWKVkNDMy","","Связанный управленческий канал; ссылка сохранена без вступления или чтения.","v2_discovery_events","FD-S109","People Management Tech — Telegram invite","content_read","Связанный управленческий канал; ссылка сохранена без вступления или чтения.","false","true","2.0","","","","","","","","","","","","","","","","content_read","","","","","","FD-X042","unknown"
"FD-X087","https://profi.ru/geo-spb/buhgaltery_i_yuristy/business-trainer/price/","","Альтернативный индекс того же источника, не новый источник и не каталог бюджетов.","v2_retry_hr","FD-S003","Профи — клиентские задачи в рубрике бизнес-тренеров","search_index","Альтернативный индекс того же источника, не новый источник и не каталог бюджетов.","false","true","2.0","","","","","","","","","","","","","","","","search_index","","","","","","FD-S003",""
"FD-X088","https://profi.ru/registration/it_freelance/marketing/internet-marketing/","","Датированный запрос на обучение найден в первичном индексе; маршрут того же источника.","v2_retry_hr","FD-S003","Профи — клиентские задачи по интернет-маркетингу","search_index","Датированный запрос на обучение найден в первичном индексе; маршрут того же источника.","false","true","2.0","","","","","","","","","","","","","","","","search_index","","","","","","FD-S003",""
"FD-X089","https://profi.ru/geo-spb/registration/repetitor/","","В индексе есть неполный фрагмент про группу проджект-менеджеров до15 человек; задача и дата требуют отдельной проверки. Не оформлен как доказанный запрос.","v2_retry_hr","FD-S003","Профи — заказы репетиторам Санкт-Петербурга","search_index","В индексе есть неполный фрагмент про группу проджект-менеджеров до15 человек; задача и дата требуют отдельной проверки. Не оформлен как доказанный запрос.","false","true","2.0","","","","","","","","","","","","","","","","search_index","","","","","","FD-S003",""
"FD-X090","https://youdo.com/rabota/obuchenie/podrabotka-biznes-trenerom/gor-peresvet","","Альтернативный индекс того же источника с пятью недатированными запросами; не новый городской источник.","v2_retry_hr","FD-S004","YouDo — рубрика бизнес-тренеров","search_index","Альтернативный индекс того же источника с пятью недатированными запросами; не новый городской источник.","false","true","2.0","","","","","","","","","","","","","","","","search_index","","","","","","FD-S004",""
"FD-X091","https://t.me/metod_krug/3144","","Публичная ссылка найдена, но текст не раскрывается: только embed.","v2_retry_hr","FD-S014","Методический кружок — отдельная запись3144","attempt_only","Публичная ссылка найдена, но текст не раскрывается: только embed.","false","true","2.0","","","","","","","","","","","","","","","","attempt_only","","","","","","FD-S014",""
"FD-X092","https://t.me/osipov_education_lab","","Новый адрес чата указан в первичном профиле канала; сообщения не проверены.","v2_retry_hr","FD-S015","Лаборатория онлайн-обучения — чат автора","search_index","Новый адрес чата указан в первичном профиле канала; сообщения не проверены.","false","true","2.0","","","","","","","","","","","","","","","","search_index","","","","","","FD-S015",""
"FD-X093","https://t.me/methodclubbase","","Профиль канала в первичном индексе прямо ссылается на чат Method Club; возможный публичный маршрут материалов.","v2_retry_hr","FD-S020","Method Club — связанный канал","search_index","Профиль канала в первичном индексе прямо ссылается на чат Method Club; возможный публичный маршрут материалов.","false","true","2.0","","","","","","","","","","","","","","","","search_index","","","","","","FD-S020",""
"FD-X094","https://max.ru/join/pikH6yGBwKBQ4CZtOJc-MBujLAXiaoqGip5l_Kv7Rsk","","Адрес указан в индексированном описании Telegram-канала; не открывался и вступление не выполнялось.","v2_retry_hr","FD-S035","Отдел обучения — канал в MAX","search_index","Адрес указан в индексированном описании Telegram-канала; не открывался и вступление не выполнялось.","false","true","2.0","","","","","","","","","","","","","","","","search_index","","","","","","FD-S035",""
"FD-X095","https://list.tg/channel/hr_me_community","","Прочитаны фрагменты ленты; зеркало того же источника, не независимый канал спроса.","v2_retry_hr","FD-S033","HRme — публичное зеркало","content_read","Прочитаны фрагменты ленты; зеркало того же источника, не независимый канал спроса.","false","true","2.0","","","","","","","","","","","","","","","","content_read","","","","","","FD-S033",""
"FD-X096","https://t.me/rff_channel","","Официально связан с чатом; открытый фрагмент содержит материалы и вакансии, история чата не дублируется.","v2_retry_hr","FD-S036","Recruitment for Friends — публичный канал","content_read","Официально связан с чатом; открытый фрагмент содержит материалы и вакансии, история чата не дублируется.","false","true","2.0","","","","","","","","","","","","","","","","content_read","","","","","","FD-S036",""
"FD-X097","https://t.me/hrvacancies_int/26","","Исходная ссылка из дайджеста; только embed, дата и содержание отдельного поста не извлечены.","v2_retry_hr","FD-S036","Международные HR-вакансии — исходная LXD-вакансия","attempt_only","Исходная ссылка из дайджеста; только embed, дата и содержание отдельного поста не извлечены.","false","true","2.0","","","","","","","","","","","","","","","","attempt_only","","","","","","FD-S036",""
"FD-X098","https://t.me/CnBChatRUnCIS/79067/80620","","Ссылка найдена в первичном анонсе Сетки; это продвижение вебинара, не подтвержденный запрос заказчика.","v2_retry_hr","FD-S039","C&B Russia&CIS — конкретная ветка с вебинаром","search_index","Ссылка найдена в первичном анонсе Сетки; это продвижение вебинара, не подтвержденный запрос заказчика.","false","true","2.0","","","","","","","","","","","","","","","","search_index","","","","","","FD-S039",""
"FD-X099","https://tgregister.com/channel/webinarforhr","","Зеркало показывает датированные старые превью; отдельный резервный путь того же канала.","v2_retry_hr","FD-S041","HR-вебинары — публичный Telegram Register","content_read","Зеркало показывает датированные старые превью; отдельный резервный путь того же канала.","false","true","2.0","","","","","","","","","","","","","","","","content_read","","","","","","FD-S041",""
"FD-X100","https://hrbazaar.ru/about/","","Одноименный сайт компании «Амплуа» найден поиском; связь с данным Telegram-handle не доказана. Биржу и идентичность проверять отдельно.","v2_retry_hr","FD-S045","HRbazaar — сайт и описание биржи заказов","search_index","Одноименный сайт компании «Амплуа» найден поиском; связь с данным Telegram-handle не доказана. Биржу и идентичность проверять отдельно.","false","true","2.0","","","","","","","","","","","","","","","","search_index","","","","","","FD-S045",""
"FD-X101","https://forum.integral.ru/viewforum.php?f=16","","Более адресный подраздел исходного форума, найден по индексу; требует чтения сообщений.","v2_retry_other","FD-S068","Интеграл — Учебный центр ИПК Интеграл: курсы для экологов","search_index","Более адресный подраздел исходного форума, найден по индексу; требует чтения сообщений.","false","true","2.0","","","","","","","","","","","","","","","","search_index","","","","","","FD-S068",""
"FD-X102","https://www.buhonline.ru/forum/index?g=posts&t=869788","","Единичная потенциальная потребность по индексному фрагменту; не новый источник, дата и полный запрос требуют проверки.","v2_retry_other","FD-S067","Бухонлайн — тема обучения бухгалтерии 869788","search_index","Единичная потенциальная потребность по индексному фрагменту; не новый источник, дата и полный запрос требуют проверки.","false","true","2.0","","","","","","","","","","","","","","","","search_index","","","","","","FD-S067",""
"FD-X103","https://www.linkedin.com/company/hr-breakfast-by","","Подтверждает взаимосвязь Telegram-адресов; дополнительный публичный маршрут сообщества, не запрос.","v2_retry_other","FD-S091","HR Breakfast — официальный профиль сообщества LinkedIn","search_index","Подтверждает взаимосвязь Telegram-адресов; дополнительный публичный маршрут сообщества, не запрос.","false","true","2.0","","","","","","","","","","","","","","","","search_index","","","","","","FD-S091",""
"FD-X104","https://www.youtube.com/@hrbreakfast9051","","Ссылка обнаружена в архиве канала; очередь расширения, канал отдельно не прочитан.","v2_retry_other","FD-S089","HR Breakfast — YouTube","candidate","Ссылка обнаружена в архиве канала; очередь расширения, канал отдельно не прочитан.","false","true","2.0","","","","","","","","","","","","","","","","candidate","","","","","","FD-S089",""
"FD-X105","https://sobes.tech/en/vacancies/67a0c8e5-85e3-439b-b84a-0802fbe27647-biznes-analitik-sistemnyy-analitik","","Индекс сторонней карточки ссылается на @hr_breakfast_emergency и дату 22.09.2026; первичный Telegram-пост и надежность переноса даты не проверены. Обычная вакансия, не заказ обучения.","v2_retry_other","FD-S092","CV & JOB — кандидат-зеркало вакансий sobes.tech","search_index","Индекс сторонней карточки ссылается на @hr_breakfast_emergency и дату 22.09.2026; первичный Telegram-пост и надежность переноса даты не проверены. Обычная вакансия, не заказ обучения.","false","true","2.0","","","","","","","","","","","","","","","","search_index","","","","","","FD-S092",""
"FD-X106","https://t.me/s/astana_hub/3392","","Прочитан фрагмент официального канала со ссылками на учебную платформу; путь к родительской ленте требует проверки свежих дат.","v2_retry_other","FD-S105","Astana Hub — официальный публичный Telegram-архив","content_read","Прочитан фрагмент официального канала со ссылками на учебную платформу; путь к родительской ленте требует проверки свежих дат.","false","true","2.0","","","","","","","","","","","","","","","","content_read","","","","","","FD-S105",""
"FD-X107","https://www.ahconferences.com/arhiv","","Индекс раскрывает реальные события 2026 и контакт организатора; чтение сайта возвращает 502.","v2_retry_other","FD-S108","AHConferences — официальный архив мероприятий","search_index","Индекс раскрывает реальные события 2026 и контакт организатора; чтение сайта возвращает 502.","false","true","2.0","","","","","","","","","","","","","","","","search_index","","","","","","FD-S108",""
"FD-X108","https://event.pravo.ru/info/contacts/","","Работающая страница с продюсерами, контентным и партнерским отделами. Маршрут связи, не приглашение и не заявка.","v2_retry_other","FD-S113","Право.ru — контакты конференционной команды","content_read","Работающая страница с продюсерами, контентным и партнерским отделами. Маршрут связи, не приглашение и не заявка.","false","true","2.0","","","","","","","","","","","","","","","","content_read","","","","","","FD-S113",""
"FD-X109","https://pptrf.ru/about-fcc/partners/","","Подтвержден индексом; подробное чтение и коммерческая модель требуют следующей проверки.","v2_retry_other","FD-S122","ФЦК — раздел партнеров","search_index","Подтвержден индексом; подробное чтение и коммерческая модель требуют следующей проверки.","false","true","2.0","","","","","","","","","","","","","","","","search_index","","","","","","FD-S122",""
"FD-X110","https://pptrf.ru/projectmembers/education/","","Профильный учебный маршрут, подтвержденный официальным индексом; внешний отбор исполнителей не установлен.","v2_retry_other","FD-S122","ФЦК — Академия производительности","search_index","Профильный учебный маршрут, подтвержденный официальным индексом; внешний отбор исполнителей не установлен.","false","true","2.0","","","","","","","","","","","","","","","","search_index","","","","","","FD-S122",""
"FD-X111","https://pptrf.ru/mediacenter/news","","Индекс показывает новости сентября 2026; альтернативный прямой маршрут для мониторинга.","v2_retry_other","FD-S122","ФЦК — пресс-центр","search_index","Индекс показывает новости сентября 2026; альтернативный прямой маршрут для мониторинга.","false","true","2.0","","","","","","","","","","","","","","","","search_index","","","","","","FD-S122",""
"FD-X112","https://mbm.mos.ru/education/speakers/want-to-be-speaker","","URL раскрыт переходом из ответа официального аккаунта МБМ; текущие условия недоступны, статус требует проверки.","v2_retry_other","FD-S123","МБМ — официальный путь приема спикеров","attempt_only","URL раскрыт переходом из ответа официального аккаунта МБМ; текущие условия недоступны, статус требует проверки.","false","true","2.0","","","","","","","","","","","","","","","","attempt_only","","","","","","FD-S123",""
"FD-X113","https://exportedu.ru/tutors","","Связь с уже известным FD-S121, не новый источник; новая содержательная квалификация FD-O124.","v2_retry_other","FD-S125","Школа экспорта — существующий маршрут FD-S121 / tutors","search_index","Связь с уже известным FD-S121, не новый источник; новая содержательная квалификация FD-O124.","false","true","2.0","","","","","","","","","","","","","","","","search_index","","","","","","FD-S125",""
"FD-X114","https://www.threads.com/@natalya_dortman","","В индексе есть приглашение бизнес-тренеров в расширяющуюся команду. Профиль не удалось открыть, дата и конкретный пост не установлены; не считать свежим заказом.","v2_root_discovery","","Threads — набор бизнес-тренеров у Натальи Дортман","search_index_only","В индексе есть приглашение бизнес-тренеров в расширяющуюся команду. Профиль не удалось открыть, дата и конкретный пост не установлены; не считать свежим заказом.","false","true","2.0","","","","","","","","","","","","","","[""turn820search10"",""turn825view1""]","","search_index","","","","","","",""
"FD-X115","https://www.threads.com/@ainuri_coach/post/DdjkkgfAKTR/","","Поисковый фрагмент содержит спрос, но заголовок страницы описывает предложение услуг и текст может относиться к связанному посту. Прямое открытие вернуло429. Не приписывать автору запрос и не датировать до проверки исходного поста.","v2_root_discovery","","Threads — фрагмент запроса тренера для команды юристов","unresolved_attribution","Поисковый фрагмент содержит спрос, но заголовок страницы описывает предложение услуг и текст может относиться к связанному посту. Прямое открытие вернуло429. Не приписывать автору запрос и не датировать до проверки исходного поста.","false","true","2.0","","","","","","","","","","","","","","[""turn820search4"",""turn825view2""]","","search_index","","","","","","",""
"FD-X116","https://setka.ru/posts/0191c7a5-2d92-4971-9a2c-594dcb5d6dfc","","Найден вопрос о курсах кадровика, но дата не установлена, прямой текст недоступен; в индексе преобладает ответ. Сохранить адрес для чтения через разрешенный доступ, не считать корпоративным заказом автоматически.","v2_root_discovery","FD-S046","Сетка — вопрос о повышении квалификации кадровика","undated_index_fragment","Найден вопрос о курсах кадровика, но дата не установлена, прямой текст недоступен; в индексе преобладает ответ. Сохранить адрес для чтения через разрешенный доступ, не считать корпоративным заказом автоматически.","false","true","2.0","","","","","","","","","","","","","","[""turn820search24"",""turn825view3""]","","search_index","","","","","","",""
"FD-X117","https://stratoplan-school.com/job/","","Прочитаны вакансии техподдержки, партнерского менеджера иSMM. Есть работа поB2B-контракту, но учебный подряд не найден. ЮрлицоКипра; указаны ограничения выплат в банкиРФ/РБ. Сохранить только как смежный маршрут, вне основной географии.","v2_root_discovery","","Стратоплан — карьера и партнерская функция","page_read_no_training_order","Прочитаны вакансии техподдержки, партнерского менеджера иSMM. Есть работа поB2B-контракту, но учебный подряд не найден. ЮрлицоКипра; указаны ограничения выплат в банкиРФ/РБ. Сохранить только как смежный маршрут, вне основной географии.","false","true","2.0","","","","","","","","","","","","","","[""turn825view0""]","","content_read","","","","","","",""