Страна;Компания;Отрасль;Площадки (подтверждённые);Площадки (предположительно);Секция;Режим закупок;Страница закупок;Страница проверена;Корп. университет;Релевантность профилю;Доказательство профиля;ЕИС 223-ФЗ;Источник рейтинга;Заметка
RU;ГК «ТрансТехСервис» (ТТС);автодилер;Tender.Pro;;;;https://www.tts.ru/zakupki/;да;;средняя;;ИНН не найден;"кандидат в топ-300 по выручке 2024 (РБК 500-2025 / Forbes-200 2025 / RAEX-600); точная позиция не сверена — полный список РБК 500-2025 за пейволлом, Forbes — капча";"Страница закупок открыта; ссылки на тендеры на tender.pro."
RU;ГК «АГАТ»;автодилер, девелопмент;Собственный портал или сайт;;;;https://xn--80aai5d.xn--p1ai/about/purchasing/;да;;средняя;https://xn--80aai5d.xn--p1ai/about/purchasing/;ИНН 9715305230: извещений 223-ФЗ за 12 мес — 0;"кандидат в топ-300 по выручке 2024 (РБК 500-2025 / Forbes-200 2025 / RAEX-600); точная позиция не сверена — полный список РБК 500-2025 за пейволлом, Forbes — капча";"Департамент закупок; на портале есть категория «Маркетинг»; агат-групп.com → агат.рф."
RU;«Улыбка радуги»;розничная торговля (дрогери);Bidzaar;;публичный профиль компании на Bidzaar;;https://www.r-ulybka.ru/for-suppliers/;да;;средняя;;ИНН не найден;"кандидат в топ-300 по выручке 2024 (РБК 500-2025 / Forbes-200 2025 / RAEX-600); точная позиция не сверена — полный список РБК 500-2025 за пейволлом, Forbes — капча";На странице «Бизнес с Улыбкой» встроен закупочный раздел Bidzaar.
RU;ГК «ТОЧНО»;девелопмент;Собственный портал или сайт;;;;https://tochno.life/about/tenders/;да;;низкая;;ИНН 2312295177: извещений 223-ФЗ за 12 мес — 0;"кандидат в топ-300 по выручке 2024 (РБК 500-2025 / Forbes-200 2025 / RAEX-600); точная позиция не сверена — полный список РБК 500-2025 за пейволлом, Forbes — капча";Тендеры на СМР и поставки через свою платформу.
RU;Трансстроймеханизация (ТСМ);инфраструктурное строительство;Собственный портал или сайт;;;;https://www.tsm.ru/tender/;да;;низкая;;ИНН 7715568411: извещений 223-ФЗ за 12 мес — 0;"кандидат в топ-300 по выручке 2024 (РБК 500-2025 / Forbes-200 2025 / RAEX-600); точная позиция не сверена — полный список РБК 500-2025 за пейволлом, Forbes — капча";Оператор закупок материалов и оборудования — «НПС Снабжение».
RU;АО «Росспиртпром»;алкоголь (госкомпания);Росэлторг;;https://www.roseltorg.ru/personal/rosspirtprom;;https://www.rosspirtprom.ru/procurement/;да;;средняя;;ИНН 7730605160: извещений 223-ФЗ за 12 мес — 0;"кандидат в топ-300 по выручке 2024 (РБК 500-2025 / Forbes-200 2025 / RAEX-600); точная позиция не сверена — полный список РБК 500-2025 за пейволлом, Forbes — капча";"Страница открыта через WebFetch (curl из среды недоступен); есть Положение о закупках; про 223-ФЗ на странице не сказано."
RU;«Ароматный мир»;розничная торговля (алкоголь);;;;;https://amwine.ru/business/for-new-provider/;да;;низкая;;ИНН 6312128134: извещений 223-ФЗ за 12 мес — 0;"кандидат в топ-300 по выручке 2024 (РБК 500-2025 / Forbes-200 2025 / RAEX-600); точная позиция не сверена — полный список РБК 500-2025 за пейволлом, Forbes — капча";"Есть раздел «Поставщикам» с формой заявки; ЭТП не упоминается."
RU;ГК «Ключавто»;автодилер;;;;;;нет;;средняя;;ИНН 2305002817: извещений 223-ФЗ за 12 мес — 0;"кандидат в топ-300 по выручке 2024 (РБК 500-2025 / Forbes-200 2025 / RAEX-600); точная позиция не сверена — полный список РБК 500-2025 за пейволлом, Forbes — капча";не проверено: страница/площадка не открыта (сайт недоступен из среды, капча или SPA)
RU;ГК «Авилон»;автодилер;;;;;;нет;;средняя;;ИНН 7722345864: извещений 223-ФЗ за 12 мес — 0;"кандидат в топ-300 по выручке 2024 (РБК 500-2025 / Forbes-200 2025 / RAEX-600); точная позиция не сверена — полный список РБК 500-2025 за пейволлом, Forbes — капча";На главной раздела закупок не видно (WebFetch).
RU;Fresh Auto;автодилер;;;;;;нет;;низкая;;ИНН 1644108439: извещений 223-ФЗ за 12 мес — 0;"кандидат в топ-300 по выручке 2024 (РБК 500-2025 / Forbes-200 2025 / RAEX-600); точная позиция не сверена — полный список РБК 500-2025 за пейволлом, Forbes — капча";не проверено: страница/площадка не открыта (сайт недоступен из среды, капча или SPA)
RU;ГК «Автоспеццентр»;автодилер;;;;;;нет;;низкая;;ИНН не найден;"кандидат в топ-300 по выручке 2024 (РБК 500-2025 / Forbes-200 2025 / RAEX-600); точная позиция не сверена — полный список РБК 500-2025 за пейволлом, Forbes — капча";не проверено: страница/площадка не открыта (сайт недоступен из среды, капча или SPA)
RU;ГК «Арконт»;автодилер;;;;;;нет;;низкая;;ИНН не найден;"кандидат в топ-300 по выручке 2024 (РБК 500-2025 / Forbes-200 2025 / RAEX-600); точная позиция не сверена — полный список РБК 500-2025 за пейволлом, Forbes — капча";не проверено: страница/площадка не открыта (сайт недоступен из среды, капча или SPA)
RU;ГК «Магнолия»;розничная торговля (продукты);;;;;;нет;;низкая;;ИНН 2320033513: извещений 223-ФЗ за 12 мес — 0;"кандидат в топ-300 по выручке 2024 (РБК 500-2025 / Forbes-200 2025 / RAEX-600); точная позиция не сверена — полный список РБК 500-2025 за пейволлом, Forbes — капча";Сайт отвечает 403. не проверено: страница/площадка не открыта (сайт недоступен из среды, капча или SPA)
RU;«Азбука вкуса»;розничная торговля (продукты);;;;;;нет;;средняя;;ИНН 0726023167: извещений 223-ФЗ за 12 мес — 0;"кандидат в топ-300 по выручке 2024 (РБК 500-2025 / Forbes-200 2025 / RAEX-600); точная позиция не сверена — полный список РБК 500-2025 за пейволлом, Forbes — капча";Сайт отдаёт заглушку «вы используете VPN». не проверено: страница/площадка не открыта (сайт недоступен из среды, капча или SPA)
RU;Familia;розничная торговля (off-price);;;;;;нет;;низкая;;ИНН 7751383293: извещений 223-ФЗ за 12 мес — 0;"кандидат в топ-300 по выручке 2024 (РБК 500-2025 / Forbes-200 2025 / RAEX-600); точная позиция не сверена — полный список РБК 500-2025 за пейволлом, Forbes — капча";не проверено: страница/площадка не открыта (сайт недоступен из среды, капча или SPA)
RU;«Аскона»;производство мебели и товаров для сна;;;;;;нет;;средняя;;ИНН 2310049017: извещений 223-ФЗ за 12 мес — 0;"кандидат в топ-300 по выручке 2024 (РБК 500-2025 / Forbes-200 2025 / RAEX-600); точная позиция не сверена — полный список РБК 500-2025 за пейволлом, Forbes — капча";не проверено: страница/площадка не открыта (сайт недоступен из среды, капча или SPA)
RU;Аптечная сеть «Вита» (ГК «Имплозия»);аптечная розница и дистрибуция;;;;;;нет;;низкая;;ИНН не найден;"кандидат в топ-300 по выручке 2024 (РБК 500-2025 / Forbes-200 2025 / RAEX-600); точная позиция не сверена — полный список РБК 500-2025 за пейволлом, Forbes — капча";Сайт отвечает 403. не проверено: страница/площадка не открыта (сайт недоступен из среды, капча или SPA)
RU;«Планета здоровья»;аптечная розница;;;;;;нет;;низкая;;ИНН 6166047702: извещений 223-ФЗ за 12 мес — 0;"кандидат в топ-300 по выручке 2024 (РБК 500-2025 / Forbes-200 2025 / RAEX-600); точная позиция не сверена — полный список РБК 500-2025 за пейволлом, Forbes — капча";Сайт отвечает 401. не проверено: страница/площадка не открыта (сайт недоступен из среды, капча или SPA)
RU;Аптечная сеть «36,6»;аптечная розница;;;;;https://366.ru/suppliers/;нет;;низкая;;ИНН 7722266450: извещений 223-ФЗ за 12 мес — 0;"кандидат в топ-300 по выручке 2024 (РБК 500-2025 / Forbes-200 2025 / RAEX-600); точная позиция не сверена — полный список РБК 500-2025 за пейволлом, Forbes — капча";Адрес /suppliers/ отвечает 200, но содержимое (SPA) не проверено.
RU;«Профит Фарм»;фармдистрибуция;;;;;;нет;;низкая;;ИНН 7727632220: извещений 223-ФЗ за 12 мес — 0;"кандидат в топ-300 по выручке 2024 (РБК 500-2025 / Forbes-200 2025 / RAEX-600); точная позиция не сверена — полный список РБК 500-2025 за пейволлом, Forbes — капча";не проверено: страница/площадка не открыта (сайт недоступен из среды, капча или SPA)
RU;«Фармкомплект»;фармдистрибуция;;;;;;нет;;низкая;;ИНН 3123041588: извещений 223-ФЗ за 12 мес — 0;"кандидат в топ-300 по выручке 2024 (РБК 500-2025 / Forbes-200 2025 / RAEX-600); точная позиция не сверена — полный список РБК 500-2025 за пейволлом, Forbes — капча";не проверено: страница/площадка не открыта (сайт недоступен из среды, капча или SPA)
RU;Treolan;ИТ-дистрибуция;;;;;;нет;;средняя;;ИНН 7736313319: извещений 223-ФЗ за 12 мес — 0;"кандидат в топ-300 по выручке 2024 (РБК 500-2025 / Forbes-200 2025 / RAEX-600); точная позиция не сверена — полный список РБК 500-2025 за пейволлом, Forbes — капча";не проверено: страница/площадка не открыта (сайт недоступен из среды, капча или SPA)
RU;«Ресурс Медиа»;ИТ-дистрибуция;;;;;;нет;;низкая;;ИНН 7536121095: извещений 223-ФЗ за 12 мес — 0;"кандидат в топ-300 по выручке 2024 (РБК 500-2025 / Forbes-200 2025 / RAEX-600); точная позиция не сверена — полный список РБК 500-2025 за пейволлом, Forbes — капча";Сайт недоступен из среды. не проверено: страница/площадка не открыта (сайт недоступен из среды, капча или SPA)
RU;«Солнечные продукты»;масложировая промышленность;;;;;;нет;;низкая;;ИНН не найден;"кандидат в топ-300 по выручке 2024 (РБК 500-2025 / Forbes-200 2025 / RAEX-600); точная позиция не сверена — полный список РБК 500-2025 за пейволлом, Forbes — капча";Сайт недоступен из среды. не проверено: страница/площадка не открыта (сайт недоступен из среды, капча или SPA)
RU;ТД «Риф»;агротрейдинг (экспорт зерна);;;;;;нет;;низкая;;ИНН 7714437913: извещений 223-ФЗ за 12 мес — 0;"кандидат в топ-300 по выручке 2024 (РБК 500-2025 / Forbes-200 2025 / RAEX-600); точная позиция не сверена — полный список РБК 500-2025 за пейволлом, Forbes — капча";не проверено: страница/площадка не открыта (сайт недоступен из среды, капча или SPA)
RU;«Ладога»;алкоголь;;;;;;нет;;низкая;;ИНН 9726085603: извещений 223-ФЗ за 12 мес — 0;"кандидат в топ-300 по выручке 2024 (РБК 500-2025 / Forbes-200 2025 / RAEX-600); точная позиция не сверена — полный список РБК 500-2025 за пейволлом, Forbes — капча";На сайте раздела закупок нет (WebFetch).
RU;«Норебо»;рыбная отрасль;;;;;;нет;;низкая;;ИНН 2901170107: извещений 223-ФЗ за 12 мес — 0;"кандидат в топ-300 по выручке 2024 (РБК 500-2025 / Forbes-200 2025 / RAEX-600); точная позиция не сверена — полный список РБК 500-2025 за пейволлом, Forbes — капча";"На сайте раздела закупок нет; trade.norebo.ru — площадка продаж, а не закупок."
RU;Русская рыбопромышленная компания (РРПК);рыбная отрасль;;;;;;нет;;низкая;;ИНН 7731414433: извещений 223-ФЗ за 12 мес — 0;"кандидат в топ-300 по выручке 2024 (РБК 500-2025 / Forbes-200 2025 / RAEX-600); точная позиция не сверена — полный список РБК 500-2025 за пейволлом, Forbes — капча";Сайт отвечает 403. не проверено: страница/площадка не открыта (сайт недоступен из среды, капча или SPA)
RU;MR Group;девелопмент;;;;;;нет;;низкая;;ИНН 3906412859: извещений 223-ФЗ за 12 мес — 0;"кандидат в топ-300 по выручке 2024 (РБК 500-2025 / Forbes-200 2025 / RAEX-600); точная позиция не сверена — полный список РБК 500-2025 за пейволлом, Forbes — капча";Сайт — SPA, через WebFetch пусто. не проверено: страница/площадка не открыта (сайт недоступен из среды, капча или SPA)
RU;«Кортрос»;девелопмент;;;;;;нет;;низкая;;ИНН 3700001358: извещений 223-ФЗ за 12 мес — 0;"кандидат в топ-300 по выручке 2024 (РБК 500-2025 / Forbes-200 2025 / RAEX-600); точная позиция не сверена — полный список РБК 500-2025 за пейволлом, Forbes — капча";Капча Яндекса — не обходили. не проверено: страница/площадка не открыта (сайт недоступен из среды, капча или SPA)
RU;ССК (Краснодар);девелопмент;;;;;;нет;;низкая;;ИНН 2801199399: извещений 223-ФЗ за 12 мес — 0;"кандидат в топ-300 по выручке 2024 (РБК 500-2025 / Forbes-200 2025 / RAEX-600); точная позиция не сверена — полный список РБК 500-2025 за пейволлом, Forbes — капча";Сайт отвечает 403. не проверено: страница/площадка не открыта (сайт недоступен из среды, капча или SPA)
RU;«Ингеоком»;инфраструктурное строительство;;;;;;нет;;низкая;;ИНН 0912006881: извещений 223-ФЗ за 12 мес — 0;"кандидат в топ-300 по выручке 2024 (РБК 500-2025 / Forbes-200 2025 / RAEX-600); точная позиция не сверена — полный список РБК 500-2025 за пейволлом, Forbes — капча";Сайт недоступен из среды. не проверено: страница/площадка не открыта (сайт недоступен из среды, капча или SPA)
RU;Группа «Ташир»;девелопмент, ритейл, ТЦ;;;;;;нет;;низкая;;ИНН 4028021946: извещений 223-ФЗ за 12 мес — 0;"кандидат в топ-300 по выручке 2024 (РБК 500-2025 / Forbes-200 2025 / RAEX-600); точная позиция не сверена — полный список РБК 500-2025 за пейволлом, Forbes — капча";Сайт недоступен из среды. не проверено: страница/площадка не открыта (сайт недоступен из среды, капча или SPA)
RU;Eurasia Drilling (БКЕ);нефтесервис (бурение);;;;;;нет;;низкая;;ИНН не найден;"кандидат в топ-300 по выручке 2024 (РБК 500-2025 / Forbes-200 2025 / RAEX-600); точная позиция не сверена — полный список РБК 500-2025 за пейволлом, Forbes — капча";Сайт недоступен из среды. не проверено: страница/площадка не открыта (сайт недоступен из среды, капча или SPA)
RU;Технологическая компания Шлюмберже (SLB Россия);нефтесервис;;;;;;нет;;низкая;;ИНН 7709413265: извещений 223-ФЗ за 12 мес — 0;"кандидат в топ-300 по выручке 2024 (РБК 500-2025 / Forbes-200 2025 / RAEX-600); точная позиция не сверена — полный список РБК 500-2025 за пейволлом, Forbes — капча";Сайт отвечает 403. не проверено: страница/площадка не открыта (сайт недоступен из среды, капча или SPA)
RU;Концерн «Калашников»;оборонная промышленность;;;;;;нет;;средняя;;ИНН 1832090230: извещений 223-ФЗ за 12 мес — 0;"кандидат в топ-300 по выручке 2024 (РБК 500-2025 / Forbes-200 2025 / RAEX-600); точная позиция не сверена — полный список РБК 500-2025 за пейволлом, Forbes — капча";"Ростех владеет 25%, так что это не дочка; сайт отвечает 403. не проверено: страница/площадка не открыта (сайт недоступен из среды, капча или SPA)"
RU;АО «Гознак»;госпредприятие (печать, монетное производство);;;;;;нет;;высокая;;ИНН 7813252159: извещений 223-ФЗ за 12 мес — 0;"кандидат в топ-300 по выручке 2024 (РБК 500-2025 / Forbes-200 2025 / RAEX-600); точная позиция не сверена — полный список РБК 500-2025 за пейволлом, Forbes — капча";"Госкомпания (Минфин) — работает по 223-ФЗ (по статусу); goznak.ru отвечает 503 и недоступен из среды. не проверено: страница/площадка не открыта (сайт недоступен из среды, капча или SPA)"
RU;РНКБ Банк;банк (госбанк);;;;;;нет;;высокая;;ИНН не найден;"кандидат в топ-300 по выручке 2024 (РБК 500-2025 / Forbes-200 2025 / RAEX-600); точная позиция не сверена — полный список РБК 500-2025 за пейволлом, Forbes — капча";"100% у Росимущества — значит, по 223-ФЗ; rncb.ru отвечает 503. не проверено: страница/площадка не открыта (сайт недоступен из среды, капча или SPA)"
RU;ГК «Финам»;финансы, брокер;;;;;;нет;;низкая;;ИНН не найден;"кандидат в топ-300 по выручке 2024 (РБК 500-2025 / Forbes-200 2025 / RAEX-600); точная позиция не сверена — полный список РБК 500-2025 за пейволлом, Forbes — капча";Сайт отвечает «ошибка доступа». не проверено: страница/площадка не открыта (сайт недоступен из среды, капча или SPA)
RU;BetBoom;букмекер;;;;;;нет;;низкая;;ИНН не найден;"кандидат в топ-300 по выручке 2024 (РБК 500-2025 / Forbes-200 2025 / RAEX-600); точная позиция не сверена — полный список РБК 500-2025 за пейволлом, Forbes — капча";не проверено: страница/площадка не открыта (сайт недоступен из среды, капча или SPA)
RU;«Нефтетранссервис»;железнодорожный оператор;;;;;;нет;;низкая;;ИНН 7731537410: извещений 223-ФЗ за 12 мес — 0;"кандидат в топ-300 по выручке 2024 (РБК 500-2025 / Forbes-200 2025 / RAEX-600); точная позиция не сверена — полный список РБК 500-2025 за пейволлом, Forbes — капча";Сайт недоступен из среды. не проверено: страница/площадка не открыта (сайт недоступен из среды, капча или SPA)
RU;«Свеза»;деревообработка (фанера);;;;;;нет;;средняя;;ИНН 7706207296: извещений 223-ФЗ за 12 мес — 0;"кандидат в топ-300 по выручке 2024 (РБК 500-2025 / Forbes-200 2025 / RAEX-600); точная позиция не сверена — полный список РБК 500-2025 за пейволлом, Forbes — капча";Капча Яндекса — не обходили. Компания Мордашова, не дочка «Северстали». не проверено: страница/площадка не открыта (сайт недоступен из среды, капча или SPA)
RU;ОАО «Приокский завод цветных металлов»;аффинаж драгметаллов;;;;;;нет;;низкая;;ИНН не найден;"кандидат в топ-300 по выручке 2024 (РБК 500-2025 / Forbes-200 2025 / RAEX-600); точная позиция не сверена — полный список РБК 500-2025 за пейволлом, Forbes — капча";Главная страница открывается, раздела закупок не нашли. не проверено: страница/площадка не открыта (сайт недоступен из среды, капча или SPA)
RU;Сибирский деловой союз (СДС);уголь, химия, машиностроение;;;;;;нет;;низкая;;ИНН 4205069963: извещений 223-ФЗ за 12 мес — 0;"кандидат в топ-300 по выручке 2024 (РБК 500-2025 / Forbes-200 2025 / RAEX-600); точная позиция не сверена — полный список РБК 500-2025 за пейволлом, Forbes — капча";sds-ugol.ru отвечает 404. не проверено: страница/площадка не открыта (сайт недоступен из среды, капча или SPA)
RU;ООО «Самсунг Электроникс Рус Калуга»;производство электроники (иностранная компания);;;;;;нет;;низкая;;ИНН 4025413896: извещений 223-ФЗ за 12 мес — 0;"кандидат в топ-300 по выручке 2024 (РБК 500-2025 / Forbes-200 2025 / RAEX-600); точная позиция не сверена — полный список РБК 500-2025 за пейволлом, Forbes — капча";не проверено: страница/площадка не открыта (сайт недоступен из среды, капча или SPA)
KZ;АО «НК «ҚазАвтоЖол» (QazAvtoJol);Автодороги (оператор республиканской сети);;zakup.sk.kz (Самрук-Казына), goszakup.gov.kz;;"Нацкомпания под Минтрансом; закупки по Закону РК «О закупках отдельных субъектов квазигоссектора»/ПП №787 — не подтверждено";не найдено/не проверено;нет;нет данных;средняя;"Крупный работодатель (филиалы во всех областях); прямых закупок обучения не найдено";;Квазигосударственный сектор РК: нацкомпании/АОО/НАО вне групп Самрук-Казына и Байтерек (перечень нацкомпаний, ПП РК №787);Сайт qaj.kz недоступен через прокси (connect_rejected/503) — страница закупок не открыта
KZ;АО «НК «Казахстан инжиниринг» (Kazakhstan Engineering);ОПК/машиностроение;MITWORK ЕЭП (eep.mitwork.kz);;Страница «Сатып алулар» ссылается на eep.mitwork.kz;"Нацкомпания (Минпромстрой); закупки по правилам для нацкомпаний/квазигоссектора";https://ke.kz/procurement/;да;нет данных;средняя;"Холдинг ~20 дочерних заводов ОПК; закупки обучения не найдены";;Квазигосударственный сектор РК: нацкомпании/АОО/НАО вне групп Самрук-Казына и Байтерек (перечень нацкомпаний, ПП РК №787);Также зарегистрирован на mp.kz (id 31009), активных закупок нет
KZ;АО «НК «Продкорпорация» (Продовольственная контрактная корпорация);Агро/зерновой оператор государства;;;На сайте только объявления о тендерах на аренду имущества (habarlandyrular);"Нацкомпания под Минсельхозом (после ликвидации КазАгро); режим закупок не установлен";https://fcc.kz/;нет;нет данных;средняя;"Сеть филиалов/хлебоприёмных предприятий; закупки обучения не найдены";;Квазигосударственный сектор РК: нацкомпании/АОО/НАО вне групп Самрук-Казына и Байтерек (перечень нацкомпаний, ПП РК №787);Раздел закупок на fcc.kz не найден (/zakupki/ — 404)
KZ;АОО «Назарбаев Интеллектуальные школы»;Образование (сеть школ);Собственный портал или сайт;mp.kz;Раздел «Закупки | Правила закупок»;Собственные правила закупок АОО (изменены после госаудита 2024);https://www.nis.edu.kz/ru/page/satyp-alular-erezesi;да;Центр педагогического мастерства (внутр. провайдер);средняя;https://kapital.kz/info/nish;;Квазигосударственный сектор РК: нацкомпании/АОО/НАО вне групп Самрук-Казына и Байтерек (перечень нацкомпаний, ПП РК №787);"Сама является провайдером обучения педагогов; покупатель тренингов для АУП — возможно"
KZ;АОО «Назарбаев Университет»;Образование/наука;MITWORK ЕЭП (eep.mitwork.kz), mp.kz;;"mp.kz: закупки компании id 15721; категория «Тренинги. Услуги образования. Подбор персонала» (cat 33)";Собственные правила закупок АОО (электронные закупки с 01.01.2018 через eep.mitwork.kz и mp.kz);https://nu.edu.kz/drugoe/zakupki/;да;Graduate School of Business NU (сам провайдер);высокая;https://mp.kz/tenders/?category_id=33&company_id=15721&sort=2&page=1 — «Разработка электронных курсов для адаптации новых работников», услуги для сотрудников;;Квазигосударственный сектор РК: нацкомпании/АОО/НАО вне групп Самрук-Казына и Байтерек (перечень нацкомпаний, ПП РК №787);Конкурент-партнёр (NU GSB), но закупает обучение для персонала
KZ;АО «Национальные информационные технологии» (НИТ);ИТ (оператор ИКИ «электронного правительства»);;goszakup.gov.kz;;"Квазигос. АО (Минцифры); режим не подтверждён";не найдено/не проверено;нет;нет данных;средняя;;;Квазигосударственный сектор РК: нацкомпании/АОО/НАО вне групп Самрук-Казына и Байтерек (перечень нацкомпаний, ПП РК №787);Сайт nitec.kz недоступен через прокси
KZ;НАО «Фонд социального медицинского страхования»;Здравоохранение (ОСМС);;fms.ecc.kz, goszakup.gov.kz;fms.ecc.kz — портал закупа медуслуг;"Закуп медуслуг по правилам МЗ РК; административные закупки — по Закону о госзакупках (предположительно)";https://fms.ecc.kz/ru/searchanno;нет;нет данных;средняя;;;Квазигосударственный сектор РК: нацкомпании/АОО/НАО вне групп Самрук-Казына и Байтерек (перечень нацкомпаний, ПП РК №787);fms.kz и fms.ecc.kz недоступны через прокси
KZ;НАО «Государственная корпорация «Правительство для граждан»;Госуслуги (ЦОНы);goszakup.gov.kz;;Реестр планов goszakup, заказчик БИН 160440007161;Закон РК «О государственных закупках»;https://gov4c.kz/ru/about/gosudarstvennye-zakupki/;да;нет данных;высокая;"Крупнейший фронт-офис (десятки тыс. сотрудников ЦОН); обучение сервису типично закупается через goszakup — конкретный лот не проверен";;Квазигосударственный сектор РК: нацкомпании/АОО/НАО вне групп Самрук-Казына и Байтерек (перечень нацкомпаний, ПП РК №787);Зарегистрирована на mp.kz (id 101746/28901) без закупок
KZ;Международный финансовый центр «Астана» (AIFC, АО «Администрация МФЦА»);Финансы/регулятор;Собственный портал или сайт;;portal.aifc.kz/#/marketplace;Собственные правила закупок органов МФЦА (Constitutional Statute on AIFC);https://aifc.kz/procurement-active/;да;AIFC Bureau for Continuing Professional Development (BCPD);высокая;https://aifc.kz/procurement-active/;;Квазигосударственный сектор РК: нацкомпании/АОО/НАО вне групп Самрук-Казына и Байтерек (перечень нацкомпаний, ПП РК №787);Тренинги/CPD — профильная тематика
KZ;АО «ПетроКазахстан Кумколь Ресорсиз» (PetroKazakhstan);Нефтедобыча (CNPC 67%, КМГ 33%);;;;Внутренние правила недропользователя (Закон о недрах, учёт местного содержания) — предположительно;не найдено/не проверено;нет;нет данных;средняя;;;Крупные иностранные/совместные компании РК вне рейтинга Forbes частных компаний (экспертный отбор);"petrokazakhstan.kz недоступен через прокси; КМГ миноритарий — не дочка группы из перечня"
KZ;ТОО «Жаикмунай» (Nostrum Oil & Gas);Нефть и газ;Собственный портал или сайт;;Раздел Tenders;Внутренние правила недропользователя;https://www.nostrumoilandgas.com/press-releases/tenders/;да;нет данных;низкая;;;Крупные иностранные/совместные компании РК вне рейтинга Forbes частных компаний (экспертный отбор);
KZ;ТОО «Мобайл Телеком-Сервис» (Tele2/Altel);Телеком;mp.kz;;mp.kz, категория «Тренинги. Услуги образования» (cat 33);Корпоративные правила (частная, Power International Holding);https://mp.kz/tenders/?company_id=30743&sort=2&page=1;да;нет данных;высокая;https://mp.kz/tenders/?category_id=33&company_id=30743&sort=2&page=1 — «Закуп курса обучения…», «Закуп услуги по проведению обучения…»;;Крупные иностранные/совместные компании РК вне рейтинга Forbes частных компаний (экспертный отбор);С 2023 г. не входит в группу Казахтелеком
KZ;Coca-Cola Almaty Bottlers;Напитки (CCI);;;;Корпоративные правила CCI;не найдено/не проверено;нет;нет данных;низкая;;;Крупные иностранные/совместные компании РК вне рейтинга Forbes частных компаний (экспертный отбор);Сайт/страница закупок не найдены
KZ;ИП «Эфес Казахстан»;Пиво (Anadolu Efes);;mp.kz;;Корпоративные правила;не найдено/не проверено;нет;нет данных;низкая;;;Крупные иностранные/совместные компании РК вне рейтинга Forbes частных компаний (экспертный отбор);"На mp.kz закупок нет; efes.kz недоступен"
KZ;Carlsberg Kazakhstan;Пиво/напитки;mp.kz;;mp.kz закупки компании id 4741;Корпоративные правила Carlsberg Group;https://mp.kz/tenders/?company_id=4741&sort=2&page=1;да;нет данных;средняя;"Закупки услуг (маркетинг, ПО) на mp.kz; обучение в cat 33 не найдено";;Крупные иностранные/совместные компании РК вне рейтинга Forbes частных компаний (экспертный отбор);
KZ;АО «Международный аэропорт Алматы» (TAV);Авиа-инфраструктура;mp.kz;ets-tender.kz;mp.kz id 104491 и 2035;Корпоративные правила (TAV Airports);https://mp.kz/tenders/?company_id=104491&sort=2&page=1;да;нет данных;средняя;Обучение в cat 33 не найдено;;Крупные иностранные/совместные компании РК вне рейтинга Forbes частных компаний (экспертный отбор);
KZ;АО «Химфарм» (Polpharma Santo);Фармацевтика;mp.kz;;"mp.kz id 98074; cat 33";Корпоративные правила Polpharma;https://mp.kz/tenders/?company_id=98074&sort=2&page=1;да;нет данных;высокая;https://mp.kz/tenders/?category_id=33&company_id=98074&sort=2&page=1 — «Обучающий курс по ИИ и нейросетям (формирование пула поставщиков)»;;Крупные иностранные/совместные компании РК вне рейтинга Forbes частных компаний (экспертный отбор);Также email-запросы santo.procurement.quotes@polpharma-santo.com
KZ;Ersai Caspian Contractor;Нефтесервис/морские конструкции (Saipem);;;;Внутренние правила подрядчика недропользователей;не найдено/не проверено;нет;нет данных;низкая;;;Крупные иностранные/совместные компании РК вне рейтинга Forbes частных компаний (экспертный отбор);Раздел закупок на сайте не найден
KZ;RG Gold;Золотодобыча;;;;Внутренние правила недропользователя;не найдено/не проверено;нет;нет данных;низкая;;;Крупные иностранные/совместные компании РК вне рейтинга Forbes частных компаний (экспертный отбор);rg-gold.kz недоступен
KZ;"KAZ Minerals (ТОО KAZ Minerals Management; Актогай, Бозшаколь)";Медь, горнодобыча;Собственный портал или сайт, mp.kz;;Suppliers / Объявления;Внутренние правила недропользователя (местное содержание);https://www.kazminerals.com/suppliers/;да;нет данных (раздел Training & Development);высокая;"https://www.kazminerals.com/suppliers/ — Training & Development; крупнейший частный работодатель";;Forbes Kazakhstan «75 крупнейших частных компаний Казахстана — 2025», №1 (https://forbes.kz/articles/75-krupneyshih-chastnyh-kompaniy-kazahstana-2025-0c8cc0);Отдельно от Kazakhmys Corporation (не алиас)
KZ;Orbis Auto (Orbis Kazakhstan);Авторитейл;;mp.kz;;Корпоративные;https://orbis.kz/;нет;нет данных;средняя;;;Forbes Kazakhstan «75 крупнейших частных компаний Казахстана — 2025», №9 (https://forbes.kz/articles/75-krupneyshih-chastnyh-kompaniy-kazahstana-2025-0c8cc0);Страница закупок не найдена
KZ;Integra Construction KZ;Строительство;Собственный портал или сайт;;Ссылка «Закупки» на сайте → icportal.kz;Корпоративные;https://portal.inconkz.com/;да;нет данных;средняя;;;Forbes Kazakhstan «75 крупнейших частных компаний Казахстана — 2025», №12 (https://forbes.kz/articles/75-krupneyshih-chastnyh-kompaniy-kazahstana-2025-0c8cc0);Портал требует входа — не заходили
KZ;ТОО «QAZAQSTROY»;Строительство;;ets-tender.kz;;Корпоративные;не найдено/не проверено;нет;нет данных;низкая;;;Forbes Kazakhstan «75 крупнейших частных компаний Казахстана — 2025», №16 (https://forbes.kz/articles/75-krupneyshih-chastnyh-kompaniy-kazahstana-2025-0c8cc0);Профиль на ets-tender — скорее как участника
KZ;Railways Systems KZ;Ж/д машиностроение;;;;Корпоративные;не найдено/не проверено;нет;нет данных;средняя;;;Forbes Kazakhstan «75 крупнейших частных компаний Казахстана — 2025», №19 (https://forbes.kz/articles/75-krupneyshih-chastnyh-kompaniy-kazahstana-2025-0c8cc0);Сайт не найден/недоступен
KZ;Prima Distribution;Дистрибуция FMCG;mp.kz;;mp.kz id 4684;Корпоративные;https://mp.kz/tenders/?company_id=4684&sort=2&page=1;да;нет данных;низкая;;;Forbes Kazakhstan «75 крупнейших частных компаний Казахстана — 2025», №20 (https://forbes.kz/articles/75-krupneyshih-chastnyh-kompaniy-kazahstana-2025-0c8cc0);
KZ;KazPetroDrilling;Нефтесервис (бурение);;;;Корпоративные;https://kazpetrodrilling.com/;нет;нет данных;низкая;;;Forbes Kazakhstan «75 крупнейших частных компаний Казахстана — 2025», №22 (https://forbes.kz/articles/75-krupneyshih-chastnyh-kompaniy-kazahstana-2025-0c8cc0);Раздела закупок на сайте нет
KZ;PetroRetail (сеть АЗС Qazaq Oil);Топливный ритейл;ets-tender.kz;;Ссылка на ets-tender.kz по ключу petroretail;Корпоративные;https://qazaqoil.kz/;да;нет данных;средняя;;;Forbes Kazakhstan «75 крупнейших частных компаний Казахстана — 2025», №24 (https://forbes.kz/articles/75-krupneyshih-chastnyh-kompaniy-kazahstana-2025-0c8cc0);
KZ;Alageum Electric;Электротехника;tenderix.kz;;Ссылка «Закупки» на сайте → tenderix.kz (есть раздел «Услуги: образования, Тренинги»);Корпоративные;https://alageum.com/ru;да;нет данных;средняя;https://tenderix.kz/ — категория услуг образования/тренингов;;Forbes Kazakhstan «75 крупнейших частных компаний Казахстана — 2025», №25 (https://forbes.kz/articles/75-krupneyshih-chastnyh-kompaniy-kazahstana-2025-0c8cc0);
KZ;Caspian Oil;Нефтедобыча;;;;Внутренние правила недропользователя;не найдено/не проверено;нет;нет данных;низкая;;;Forbes Kazakhstan «75 крупнейших частных компаний Казахстана — 2025», №27 (https://forbes.kz/articles/75-krupneyshih-chastnyh-kompaniy-kazahstana-2025-0c8cc0);Сайт не найден
KZ;Helios (сеть АЗС);Топливный ритейл;;;;Корпоративные;https://helios.kz/;нет;нет данных;низкая;;;Forbes Kazakhstan «75 крупнейших частных компаний Казахстана — 2025», №29 (https://forbes.kz/articles/75-krupneyshih-chastnyh-kompaniy-kazahstana-2025-0c8cc0);Раздела закупок нет
KZ;Aitas KZ;Агрохолдинг (мясо);Собственный портал или сайт, Собственный портал или сайт;;Закупки Холдинга: тендер/ценовые предложения;Корпоративные;https://zakupki.aitas.kz/tenders/;да;нет данных;средняя;;;Forbes Kazakhstan «75 крупнейших частных компаний Казахстана — 2025», №30 (https://forbes.kz/articles/75-krupneyshih-chastnyh-kompaniy-kazahstana-2025-0c8cc0);
KZ;Имсталькон;Строительство/металлоконструкции;;mp.kz;;Корпоративные;https://mp.kz/tenders/?company_id=5659&sort=2&page=1;нет;нет данных;низкая;;;Forbes Kazakhstan «75 крупнейших частных компаний Казахстана — 2025», №33 (https://forbes.kz/articles/75-krupneyshih-chastnyh-kompaniy-kazahstana-2025-0c8cc0);imstalkon.kz недоступен
KZ;Vender (Al-Style);ИТ-дистрибуция;;;;Корпоративные;https://al-style.kz/;нет;нет данных;низкая;;;Forbes Kazakhstan «75 крупнейших частных компаний Казахстана — 2025», №34 (https://forbes.kz/articles/75-krupneyshih-chastnyh-kompaniy-kazahstana-2025-0c8cc0);vender.kz → al-style.kz
KZ;АО «Транстелеком»;Телеком;MITWORK ЕЭП (eep.mitwork.kz);;Страница «Закупки» → eep.mitwork.kz;Корпоративные правила (ранее группа КТЖ);https://ttc.kz/ru/Procurement/;да;E-Learning (продукт);средняя;;;Forbes Kazakhstan «75 крупнейших частных компаний Казахстана — 2025», №35 (https://forbes.kz/articles/75-krupneyshih-chastnyh-kompaniy-kazahstana-2025-0c8cc0);
KZ;QazTehna;Машиностроение (автобусы);;;;Корпоративные;https://qaztehna.kz/;нет;нет данных;низкая;;;Forbes Kazakhstan «75 крупнейших частных компаний Казахстана — 2025», №36 (https://forbes.kz/articles/75-krupneyshih-chastnyh-kompaniy-kazahstana-2025-0c8cc0);
KZ;Алматыинжстрой;Строительство;;;;Корпоративные;не найдено/не проверено;нет;нет данных;низкая;;;Forbes Kazakhstan «75 крупнейших частных компаний Казахстана — 2025», №37 (https://forbes.kz/articles/75-krupneyshih-chastnyh-kompaniy-kazahstana-2025-0c8cc0);Сайт не найден
KZ;Kazpetrol Group;Нефть и газ;Собственный портал или сайт;;Сотрудничество → Закупки ТРУ, План закупок, Архив;Внутренние правила недропользователя;https://kazpetrol.com/cooperation/procurement/;да;нет данных;средняя;;;Forbes Kazakhstan «75 крупнейших частных компаний Казахстана — 2025», №38 (https://forbes.kz/articles/75-krupneyshih-chastnyh-kompaniy-kazahstana-2025-0c8cc0);
KZ;Atasu Group;Логистика;;;;Корпоративные;https://atasu.kz/ru;нет;нет данных;низкая;;;Forbes Kazakhstan «75 крупнейших частных компаний Казахстана — 2025», №39 (https://forbes.kz/articles/75-krupneyshih-chastnyh-kompaniy-kazahstana-2025-0c8cc0);
KZ;Olzha Agro;Агро;;;;Корпоративные;https://olzhaagro.kz/;нет;нет данных;низкая;;;Forbes Kazakhstan «75 крупнейших частных компаний Казахстана — 2025», №40 (https://forbes.kz/articles/75-krupneyshih-chastnyh-kompaniy-kazahstana-2025-0c8cc0);
KZ;Трест Средазэнергомонтаж;Энергостроительство;;mp.kz;;Корпоративные;не найдено/не проверено;нет;нет данных;низкая;;;Forbes Kazakhstan «75 крупнейших частных компаний Казахстана — 2025», №41 (https://forbes.kz/articles/75-krupneyshih-chastnyh-kompaniy-kazahstana-2025-0c8cc0);
KZ;Нефтестройсервис ЛТД;Нефтесервис;;;;Корпоративные;не найдено/не проверено;нет;нет данных;низкая;;;Forbes Kazakhstan «75 крупнейших частных компаний Казахстана — 2025», №42 (https://forbes.kz/articles/75-krupneyshih-chastnyh-kompaniy-kazahstana-2025-0c8cc0);
KZ;Mercury Properties;Девелопмент;;;;Корпоративные;не найдено/не проверено;нет;нет данных;низкая;;;Forbes Kazakhstan «75 крупнейших частных компаний Казахстана — 2025», №43 (https://forbes.kz/articles/75-krupneyshih-chastnyh-kompaniy-kazahstana-2025-0c8cc0);
KZ;Эйкос;Торговля;;;;Корпоративные;https://eikos.kz/;нет;нет данных;низкая;;;Forbes Kazakhstan «75 крупнейших частных компаний Казахстана — 2025», №44 (https://forbes.kz/articles/75-krupneyshih-chastnyh-kompaniy-kazahstana-2025-0c8cc0);
KZ;Исткомтранс;Логистика;;;;Корпоративные;https://www.ect.kz/;нет;нет данных;низкая;;;Forbes Kazakhstan «75 крупнейших частных компаний Казахстана — 2025», №45 (https://forbes.kz/articles/75-krupneyshih-chastnyh-kompaniy-kazahstana-2025-0c8cc0);
KZ;Gulser Computers (Alser);Ритейл электроники;web-tender.kz;;Раздел «Тендеры» — Alser как участник госзакупок;—;https://alser.kz/gid-tenders;да;нет данных;низкая;;;Forbes Kazakhstan «75 крупнейших частных компаний Казахстана — 2025», №46 (https://forbes.kz/articles/75-krupneyshih-chastnyh-kompaniy-kazahstana-2025-0c8cc0);Страница о участии в тендерах как поставщика, не закупки
KZ;Orbis Oilfield Services;Нефтесервис;;;;Корпоративные;не найдено/не проверено;нет;нет данных;низкая;;;Forbes Kazakhstan «75 крупнейших частных компаний Казахстана — 2025», №47 (https://forbes.kz/articles/75-krupneyshih-chastnyh-kompaniy-kazahstana-2025-0c8cc0);
KZ;MEGA (ТРЦ);Коммерческая недвижимость;;;;Корпоративные;https://mega.kz/;нет;нет данных;низкая;;;Forbes Kazakhstan «75 крупнейших частных компаний Казахстана — 2025», №48 (https://forbes.kz/articles/75-krupneyshih-chastnyh-kompaniy-kazahstana-2025-0c8cc0);
KZ;АО «Каражыра»;Уголь;;;;Внутренние правила недропользователя;https://www.karazhyra.kz/;нет;нет данных;средняя;https://www.karazhyra.kz/ — новости «Вводный тренинг по повышению операционной эффективности»;;Forbes Kazakhstan «75 крупнейших частных компаний Казахстана — 2025», №49 (https://forbes.kz/articles/75-krupneyshih-chastnyh-kompaniy-kazahstana-2025-0c8cc0);
KZ;Qazaq Bitum;Стройматериалы (битум);;;;Корпоративные;https://qazaqbitum.kz/;нет;нет данных;низкая;;;Forbes Kazakhstan «75 крупнейших частных компаний Казахстана — 2025», №51 (https://forbes.kz/articles/75-krupneyshih-chastnyh-kompaniy-kazahstana-2025-0c8cc0);
KZ;Саутс-Ойл;Нефтедобыча;;;;Внутренние правила недропользователя;не найдено/не проверено;нет;нет данных;низкая;;;Forbes Kazakhstan «75 крупнейших частных компаний Казахстана — 2025», №52 (https://forbes.kz/articles/75-krupneyshih-chastnyh-kompaniy-kazahstana-2025-0c8cc0);
KZ;Evrika;Ритейл электроники;;;;Корпоративные;https://evrika.com/;нет;нет данных;низкая;;;Forbes Kazakhstan «75 крупнейших частных компаний Казахстана — 2025», №53 (https://forbes.kz/articles/75-krupneyshih-chastnyh-kompaniy-kazahstana-2025-0c8cc0);
KZ;Galanz Bottlers;Напитки;;;;Корпоративные;https://galanz.kz/;нет;нет данных;низкая;;;Forbes Kazakhstan «75 крупнейших частных компаний Казахстана — 2025», №54 (https://forbes.kz/articles/75-krupneyshih-chastnyh-kompaniy-kazahstana-2025-0c8cc0);Боттлер PepsiCo, но самостоятельная компания
KZ;АО «Алель Агро»;Птицеводство;;mp.kz;;Корпоративные;https://alelagro.kz/;нет;нет данных;низкая;;;Forbes Kazakhstan «75 крупнейших частных компаний Казахстана — 2025», №55 (https://forbes.kz/articles/75-krupneyshih-chastnyh-kompaniy-kazahstana-2025-0c8cc0);
KZ;Кайнар-АКБ;Машиностроение (АКБ);;mp.kz;;Корпоративные;https://kainar.kz/;нет;нет данных;низкая;;;Forbes Kazakhstan «75 крупнейших частных компаний Казахстана — 2025», №56 (https://forbes.kz/articles/75-krupneyshih-chastnyh-kompaniy-kazahstana-2025-0c8cc0);
KZ;Buzachi Oil (Бузачи Нефть);Нефтедобыча;;mp.kz;;Внутренние правила недропользователя;https://mp.kz/tenders/?company_id=64094&sort=2&page=1;нет;нет данных;низкая;;;Forbes Kazakhstan «75 крупнейших частных компаний Казахстана — 2025», №57 (https://forbes.kz/articles/75-krupneyshih-chastnyh-kompaniy-kazahstana-2025-0c8cc0);
KZ;Kostanay Minerals;Горнодобыча (асбест);;;;Внутренние правила недропользователя;не найдено/не проверено;нет;нет данных;низкая;;;Forbes Kazakhstan «75 крупнейших частных компаний Казахстана — 2025», №58 (https://forbes.kz/articles/75-krupneyshih-chastnyh-kompaniy-kazahstana-2025-0c8cc0);Сайт недоступен
KZ;Атамекен-Агро;Агро;;;;Корпоративные;не найдено/не проверено;нет;нет данных;низкая;;;Forbes Kazakhstan «75 крупнейших частных компаний Казахстана — 2025», №59 (https://forbes.kz/articles/75-krupneyshih-chastnyh-kompaniy-kazahstana-2025-0c8cc0);
KZ;АО «Жамбылская ГРЭС им. Т.И. Батурова»;Электроэнергетика;;;;Корпоративные;https://zhgres.kz/;нет;нет данных;низкая;;;Forbes Kazakhstan «75 крупнейших частных компаний Казахстана — 2025», №60 (https://forbes.kz/articles/75-krupneyshih-chastnyh-kompaniy-kazahstana-2025-0c8cc0);
KZ;Aqniet Group;Фармацевтика;;;;Корпоративные;не найдено/не проверено;нет;нет данных;низкая;;;Forbes Kazakhstan «75 крупнейших частных компаний Казахстана — 2025», №62 (https://forbes.kz/articles/75-krupneyshih-chastnyh-kompaniy-kazahstana-2025-0c8cc0);
KZ;Баян Сулу;Кондитерская промышленность;;;;Корпоративные;https://bayansulu.kz/;нет;нет данных;низкая;;;Forbes Kazakhstan «75 крупнейших частных компаний Казахстана — 2025», №65 (https://forbes.kz/articles/75-krupneyshih-chastnyh-kompaniy-kazahstana-2025-0c8cc0);Добавлена вместо Казахалтын (дочка Altynalmas — в перечне)
BY;ОАО «Газпром трансгаз Беларусь»;газотранспорт;;icetrade.by, Собственный портал или сайт;Закупки за счёт собственных средств (предположительно);по стандартам группы Газпром + законодательство РБ (не проверено);не установлено (сайт belarus-tr.gazprom.ru из облака не открывается);нет;по открытым сведениям есть учебный центр общества (не проверено);средняя;не найдено;;"Coface CEE Top 500 (данные 2021; белорусские компании выше порога 559 млн евро — по разбору OfficeLife: https://officelife.by/article/money/nashi-v-top-500-kak-vyglyadyat-kompanii-belarusi-na-fone-zapadnykh-sosedey/); №1 по выручке среди белорусских компаний в Coface (2,742 млрд евро)";"Дочернее общество ПАО «Газпром» (100%) — группа есть в нашем перечне; не пропущенная. сайт компании из облака не открывается (reset/403/503), icetrade.by — 403 Access denied, goszakupki.by — reset; не проверено"
BY;ООО «Евроторг» (Евроопт, Хит!, Грошык);розничная торговля;;Собственный портал или сайт;;частная компания — собственный порядок (не проверено);"не установлено (eurotorg.by не открывается; evroopt.by — без раздела закупок)";нет;по открытым сведениям — внутренняя система обучения/учебный центр розничной сети (не проверено);высокая;"крупнейший частный работодатель РБ (~40 тыс. сотр.); закупки обучения в открытом доступе не найдены";;"Coface CEE Top 500 (данные 2021; белорусские компании выше порога 559 млн евро — по разбору OfficeLife: https://officelife.by/article/money/nashi-v-top-500-kak-vyglyadyat-kompanii-belarusi-na-fone-zapadnykh-sosedey/); 1,715 млрд евро";"Частная группа; не пересекается с перечнем. сайт компании из облака не открывается (reset/403/503), icetrade.by — 403 Access denied, goszakupki.by — reset; не проверено"
BY;ОАО «БМЗ — управляющая компания холдинга «БМК»»;металлургия;;icetrade.by, ЭТП БУТБ (butb.by);Закупки за счёт собственных средств;"за счёт собственных средств: Пост. СМ № 229 (до 10.07.2026), с 11.07.2026 — Пост. СМ № 168 от 07.04.2026 (открытые конкурентные процедуры — только на ЭТП); бюджетные — Закон «О государственных закупках»";не установлено (belsteel.com / bmz.by не открываются);нет;есть учебный центр (по открытым сведениям, не проверено);средняя;не найдено;;"Coface CEE Top 500 (данные 2021; белорусские компании выше порога 559 млн евро — по разбору OfficeLife: https://officelife.by/article/money/nashi-v-top-500-kak-vyglyadyat-kompanii-belarusi-na-fone-zapadnykh-sosedey/); 1,443 млрд евро";"Гос. холдинг. сайт компании из облака не открывается (reset/403/503), icetrade.by — 403 Access denied, goszakupki.by — reset; не проверено"
BY;ОАО «МТЗ» — управляющая компания холдинга «МТЗ-Холдинг»;машиностроение (тракторы);;icetrade.by;Закупки за счёт собственных средств;"за счёт собственных средств: Пост. СМ № 229 (до 10.07.2026), с 11.07.2026 — Пост. СМ № 168 от 07.04.2026 (открытые конкурентные процедуры — только на ЭТП); бюджетные — Закон «О государственных закупках»";раздел закупок на belarustractors.com не найден (sitemap без раздела);нет;да: собственная система подготовки — 14 учебных классов, 2 компьютерных класса, отдел развития кадров, обучение руководителей и специалистов (страница открыта);средняя;https://belarustractors.com/career/obuchenie/;;"Coface CEE Top 500 (данные 2021; белорусские компании выше порога 559 млн евро — по разбору OfficeLife: https://officelife.by/article/money/nashi-v-top-500-kak-vyglyadyat-kompanii-belarusi-na-fone-zapadnykh-sosedey/); 736 млн евро";"Гос. холдинг; закупки — по общей практике на icetrade.by (не проверено)."
BY;СООО «Савушкин продукт» (холдинг «Савушкин»);пищевая промышленность (молочная);;Собственный портал или сайт;;частная компания — собственный порядок;не установлено (savushkin.com — без раздела закупок в доступной версии);нет;нет данных;средняя;не найдено;;"Coface CEE Top 500 (данные 2021; белорусские компании выше порога 559 млн евро — по разбору OfficeLife: https://officelife.by/article/money/nashi-v-top-500-kak-vyglyadyat-kompanii-belarusi-na-fone-zapadnykh-sosedey/); 726 млн евро";Частная группа (входит в группу Санта по связям акционеров — не проверено).
BY;ОАО «МАЗ» — управляющая компания холдинга «БЕЛАВТОМАЗ»;машиностроение (грузовики);icetrade.by, Собственный портал или сайт;;"icetrade.by → поиск закупок по заказчику ОАО «МАЗ»; на сайте — «Закупки и тендеры»";"за счёт собственных средств (Положение о закупках за счёт собственных средств ОАО МАЗ); за счёт собственных средств: Пост. СМ № 229 (до 10.07.2026), с 11.07.2026 — Пост. СМ № 168 от 07.04.2026 (открытые конкурентные процедуры — только на ЭТП); бюджетные — Закон «О государственных закупках»";https://maz.by/about/tenders;да;нет данных;средняя;"в перечне категорий — маркетинговые исследования; закупки обучения не обнаружены";;"Coface CEE Top 500 (данные 2021; белорусские компании выше порога 559 млн евро — по разбору OfficeLife: https://officelife.by/article/money/nashi-v-top-500-kak-vyglyadyat-kompanii-belarusi-na-fone-zapadnykh-sosedey/); 562 млн евро";"Страница открыта; ссылки ведут на icetrade.by/search/auctions."
BY;СООО «Мобильные ТелеСистемы» (МТС Беларусь);телеком;Собственный портал или сайт;;"Актуальные/архивные закупки; с 01.03.2020 — электронная площадка zakupki.mts.by";собственный порядок оператора (51% — гос. Белтелеком, 49% — ПАО МТС);https://www.mts.by/company/partner/purchases/;да;нет данных;высокая;"есть категория закупок маркетинговых услуг; закупки обучения в открытом списке не найдены";;"Coface CEE Top 500 (данные 2021; белорусские компании выше порога 559 млн евро — по разбору OfficeLife: https://officelife.by/article/money/nashi-v-top-500-kak-vyglyadyat-kompanii-belarusi-na-fone-zapadnykh-sosedey/) (536 млн евро, близко к порогу)";"49% — у ПАО «МТС» (группа АФК «Система» есть в нашем перечне) — совместное предприятие, не 100% дочка; отметить как пересечение."
BY;Белорусский государственный концерн по нефти и химии «Белнефтехим»;нефтехимия (концерн);ЭТП БУТБ (butb.by), Торгибел (torgi.gov.by);;ссылки на БУТБ и ЭТП «Торгибел» на главной;"за счёт собственных средств: Пост. СМ № 229 (до 10.07.2026), с 11.07.2026 — Пост. СМ № 168 от 07.04.2026 (открытые конкурентные процедуры — только на ЭТП); бюджетные — Закон «О государственных закупках»";https://belneftekhim.by/ru (ссылки на БУТБ и ЭТП «Торгибел»);да;отраслевая система ПК (по открытым сведениям);средняя;не найдено;;"Перечень гос. концернов/холдингов и системообразующих организаций РБ (список из задания + открытые сведения; публичного рейтинга по выручке/налогам за 2024-2025 найти не удалось — ранжирование экспертное)";"Концерн — управляющий орган; закупки ведут предприятия концерна (Нафтан, Мозырский НПЗ, Гродно Азот, Белшина и др.)."
BY;ОАО «Беларуськалий»;горнохимия (калий);Собственный портал или сайт;;"«Конкурсные торги»: запрос ценовых предложений, изучение конъюнктуры рынка; Порядок закупок (PDF)";за счёт собственных средств (Порядок закупок ОАО «Беларуськалий»);https://www.belaruskali.by/tenders/;да;"по открытым сведениям — учебный центр подготовки, ПК и переподготовки кадров (Солигорск; не проверено)";высокая;"крупный работодатель (~17 тыс.); закупки обучения в текущем списке не обнаружены";;"Перечень гос. концернов/холдингов и системообразующих организаций РБ (список из задания + открытые сведения; публичного рейтинга по выручке/налогам за 2024-2025 найти не удалось — ранжирование экспертное)";"Страница открыта; собственный сайт — основная площадка."
BY;РУП «Производственное объединение «Белоруснефть»;нефтедобыча;;Собственный портал или сайт, icetrade.by;;"за счёт собственных средств: Пост. СМ № 229 (до 10.07.2026), с 11.07.2026 — Пост. СМ № 168 от 07.04.2026 (открытые конкурентные процедуры — только на ЭТП); бюджетные — Закон «О государственных закупках»";не установлено (belorusneft.by из облака не открывается);нет;"по открытым сведениям — учебный центр ПО «Белоруснефть» (Гомель; не проверено)";высокая;по открытым источникам выбирала юр. консультанта по тендеру (Lidings) — признак закупок консалтинга (поисковая выдача);;"Перечень гос. концернов/холдингов и системообразующих организаций РБ (список из задания + открытые сведения; публичного рейтинга по выручке/налогам за 2024-2025 найти не удалось — ранжирование экспертное)";"Гос. 100%. сайт компании из облака не открывается (reset/403/503), icetrade.by — 403 Access denied, goszakupki.by — reset; не проверено"
BY;ОАО «Мозырский НПЗ»;нефтепереработка;;icetrade.by;;"за счёт собственных средств: Пост. СМ № 229 (до 10.07.2026), с 11.07.2026 — Пост. СМ № 168 от 07.04.2026 (открытые конкурентные процедуры — только на ЭТП); бюджетные — Закон «О государственных закупках»";не установлено (mnpz.by не открывается);нет;нет данных;средняя;закупка ПО и инжиниринговой модели (СМИ);;"Перечень гос. концернов/холдингов и системообразующих организаций РБ (список из задания + открытые сведения; публичного рейтинга по выручке/налогам за 2024-2025 найти не удалось — ранжирование экспертное)";"Акционеры: государство 42,76%, «Славнефть» 42,58% (группа Славнефть есть в перечне) — НЕ дочернее общество, но крупный акционер из перечня. сайт компании из облака не открывается (reset/403/503), icetrade.by — 403 Access denied, goszakupki.by — reset; не проверено"
BY;ОАО «Нафтан»;нефтепереработка;;icetrade.by;;"за счёт собственных средств: Пост. СМ № 229 (до 10.07.2026), с 11.07.2026 — Пост. СМ № 168 от 07.04.2026 (открытые конкурентные процедуры — только на ЭТП); бюджетные — Закон «О государственных закупках»";не установлено (naftan.by не открывается);нет;нет данных;средняя;не найдено;;"Перечень гос. концернов/холдингов и системообразующих организаций РБ (список из задания + открытые сведения; публичного рейтинга по выручке/налогам за 2024-2025 найти не удалось — ранжирование экспертное)";"Гос. сайт компании из облака не открывается (reset/403/503), icetrade.by — 403 Access denied, goszakupki.by — reset; не проверено"
BY;ОАО «Гродно Азот»;химия (азотные удобрения);;icetrade.by;;"за счёт собственных средств: Пост. СМ № 229 (до 10.07.2026), с 11.07.2026 — Пост. СМ № 168 от 07.04.2026 (открытые конкурентные процедуры — только на ЭТП); бюджетные — Закон «О государственных закупках»";не установлено (azot.by / grodno-azot.by не открываются);нет;нет данных;средняя;не найдено;;"Перечень гос. концернов/холдингов и системообразующих организаций РБ (список из задания + открытые сведения; публичного рейтинга по выручке/налогам за 2024-2025 найти не удалось — ранжирование экспертное)";"Гос. (концерн Белнефтехим). сайт компании из облака не открывается (reset/403/503), icetrade.by — 403 Access denied, goszakupki.by — reset; не проверено"
BY;ЗАО «Белорусская нефтяная компания» (БНК);торговля нефтепродуктами;;icetrade.by;;"за счёт собственных средств: Пост. СМ № 229 (до 10.07.2026), с 11.07.2026 — Пост. СМ № 168 от 07.04.2026 (открытые конкурентные процедуры — только на ЭТП); бюджетные — Закон «О государственных закупках»";не найдено на bnk.by (главная открыта, раздела закупок не обнаружено);нет;нет данных;средняя;не найдено;;"Перечень гос. концернов/холдингов и системообразующих организаций РБ (список из задания + открытые сведения; публичного рейтинга по выручке/налогам за 2024-2025 найти не удалось — ранжирование экспертное)";Крупный налогоплательщик Минска (СМИ).
BY;ОАО «Белшина»;шинная промышленность;;icetrade.by;;"за счёт собственных средств: Пост. СМ № 229 (до 10.07.2026), с 11.07.2026 — Пост. СМ № 168 от 07.04.2026 (открытые конкурентные процедуры — только на ЭТП); бюджетные — Закон «О государственных закупках»";не установлено (belshina.by не открывается);нет;нет данных;низкая;не найдено;;"Перечень гос. концернов/холдингов и системообразующих организаций РБ (список из задания + открытые сведения; публичного рейтинга по выручке/налогам за 2024-2025 найти не удалось — ранжирование экспертное)";"сайт компании из облака не открывается (reset/403/503), icetrade.by — 403 Access denied, goszakupki.by — reset; не проверено"
BY;ОАО «БЕЛАЗ» — управляющая компания холдинга «БЕЛАЗ-ХОЛДИНГ»;машиностроение (карьерная техника);;icetrade.by;;"за счёт собственных средств: Пост. СМ № 229 (до 10.07.2026), с 11.07.2026 — Пост. СМ № 168 от 07.04.2026 (открытые конкурентные процедуры — только на ЭТП); бюджетные — Закон «О государственных закупках»";не установлено (belaz.by — редирект/таймаут);нет;по открытым сведениям — учебный центр (не проверено);средняя;не найдено;;"Перечень гос. концернов/холдингов и системообразующих организаций РБ (список из задания + открытые сведения; публичного рейтинга по выручке/налогам за 2024-2025 найти не удалось — ранжирование экспертное)";"сайт компании из облака не открывается (reset/403/503), icetrade.by — 403 Access denied, goszakupki.by — reset; не проверено"
BY;РУП «Белтелеком»;телеком;Собственный портал или сайт;icetrade.by;"«Закупки» с фильтром по филиалам; отдельно «Госзакупки» (услуги для заказчиков)";"за счёт собственных средств: Пост. СМ № 229 (до 10.07.2026), с 11.07.2026 — Пост. СМ № 168 от 07.04.2026 (открытые конкурентные процедуры — только на ЭТП); бюджетные — Закон «О государственных закупках»";https://beltelecom.by/news/purchases;да;нет данных;высокая;"крупный гос. работодатель с филиальной сетью; закупки обучения на странице не обнаружены";;"Перечень гос. концернов/холдингов и системообразующих организаций РБ (список из задания + открытые сведения; публичного рейтинга по выручке/налогам за 2024-2025 найти не удалось — ранжирование экспертное)";"Страница открыта; площадки в тексте не указаны — icetrade по общей практике."
BY;СООО «Унитарное предприятие А1» (A1 Беларусь);телеком;;Собственный портал или сайт;;частная/иностранная компания — собственное положение о закупках (Пост. 229/168 не распространяется, если доля государства не превышает порог);не установлено (a1.by — JS-сайт, раздел закупок не найден);нет;нет данных;высокая;ТЗ «на оказание услуг по корпоративному обучению руководителей (Минск)»: 6 групп по 20 чел., оценка «комиссией А1», договор до 31.12.2026 — https://docs.google.com/document/d/1ZNFpZ7C6QlJLgd8bZ7LIlqfIfJY-U6dG/;;"Перечень гос. концернов/холдингов и системообразующих организаций РБ (список из задания + открытые сведения; публичного рейтинга по выручке/налогам за 2024-2025 найти не удалось — ранжирование экспертное)";"A1 Telekom Austria Group / América Movil; не в перечне. Прямое доказательство закупок обучения."
BY;ОАО «АСБ Беларусбанк»;банк;Собственный портал или сайт;;Закупки: оборудование, ПО, услуги/работы, строительство, прочее;по внутреннему положению банка (гос. банк);https://belarusbank.by/o-banke/zakupki/;да;по открытым сведениям — учебный центр банка (не проверено);высокая;в разделе «услуги/работы» закупки обучения не обнаружены (на 04.10.2026);;"Крупнейшие/системно значимые банки РБ (открытые сведения НБРБ; экспертное ранжирование)";Страница открыта.
BY;ОАО «Белагропромбанк»;банк;Собственный портал или сайт;;Положение о порядке выбора поставщика (ред. 25-27.11.2025);внутреннее Положение № 50 (2017, ред. 2025);https://belapb.by/about/zakupki/;да;нет данных;средняя;не найдено;;"Крупнейшие/системно значимые банки РБ (открытые сведения НБРБ; экспертное ранжирование)";"Страница открыта; активных лотов на странице нет."
BY;ОАО «Белинвестбанк»;банк;;Собственный портал или сайт;;внутреннее положение (не проверено);не установлено (belinvestbank.by не открывается);нет;нет данных;средняя;не найдено;;"Крупнейшие/системно значимые банки РБ (открытые сведения НБРБ; экспертное ранжирование)";"сайт компании из облака не открывается (reset/403/503), icetrade.by — 403 Access denied, goszakupki.by — reset; не проверено"
BY;ОАО «Белгазпромбанк»;банк;;Собственный портал или сайт;;внутреннее положение (не проверено);не установлено (belgazprombank.by не открывается);нет;нет данных;средняя;не найдено;;"Крупнейшие/системно значимые банки РБ (открытые сведения НБРБ; экспертное ранжирование)";"Ранее контролировался ПАО «Газпром»/Газпромбанком (оба в перечне); текущую структуру собственности проверить. сайт компании из облака не открывается (reset/403/503), icetrade.by — 403 Access denied, goszakupki.by — reset; не проверено"
BY;ОАО «Приорбанк»;банк;;;;частная/иностранная компания — собственное положение о закупках (Пост. 229/168 не распространяется, если доля государства не превышает порог);не найдено (sitemap priorbank.by без раздела закупок);нет;нет данных;средняя;не найдено;;"Крупнейшие/системно значимые банки РБ (открытые сведения НБРБ; экспертное ранжирование)";"Raiffeisen Bank International; в перечне есть АО «Райффайзенбанк» (Россия) — сестринская, не дочерняя компания."
BY;ЗАО «Альфа-Банк» (Беларусь);банк;;;;частная/иностранная компания — собственное положение о закупках (Пост. 229/168 не распространяется, если доля государства не превышает порог);не установлено (alfabank.by — 403);нет;нет данных;средняя;не найдено;;"Крупнейшие/системно значимые банки РБ (открытые сведения НБРБ; экспертное ранжирование)";"Бренд Альфа-Банк (ABH Holdings); в перечне — АО «Альфа-Банк» (Россия): связь через общий бренд/акционеров, не дочернее АО «Альфа-Банк»."
BY;ЗАО «Банк ВТБ» (Беларусь);банк;;;;корпоративные правила группы ВТБ (не проверено);не установлено (vtb.by не открывается);нет;нет данных;средняя;не найдено;;"Крупнейшие/системно значимые банки РБ (открытые сведения НБРБ; экспертное ранжирование)";"Дочерний банк Банка ВТБ (в перечне) — не пропущенный. сайт компании из облака не открывается (reset/403/503), icetrade.by — 403 Access denied, goszakupki.by — reset; не проверено"
BY;ОАО «Сбер Банк» (Беларусь);банк;;;;корпоративные правила (не проверено);не установлено (sber-bank.by не открывается);нет;нет данных;средняя;не найдено;;"Крупнейшие/системно значимые банки РБ (открытые сведения НБРБ; экспертное ранжирование)";"Дочерний банк ПАО «Сбербанк» (в перечне) — по последним известным данным; не пропущенный. сайт компании из облака не открывается (reset/403/503), icetrade.by — 403 Access denied, goszakupki.by — reset; не проверено"
BY;ОАО «Авиакомпания «Белавиа»;авиаперевозки;;Собственный портал или сайт, icetrade.by;;"за счёт собственных средств: Пост. СМ № 229 (до 10.07.2026), с 11.07.2026 — Пост. СМ № 168 от 07.04.2026 (открытые конкурентные процедуры — только на ЭТП); бюджетные — Закон «О государственных закупках»";не установлено (belavia.by — проверка на бота, не обходилась);нет;по открытым сведениям — учебно-тренировочный центр (не проверено);средняя;не найдено;;"Перечень гос. концернов/холдингов и системообразующих организаций РБ (список из задания + открытые сведения; публичного рейтинга по выручке/налогам за 2024-2025 найти не удалось — ранжирование экспертное)";Гос. Сайт отдаёт страницу Verification.
BY;ГО «Белорусская железная дорога»;ж/д транспорт;;Собственный портал или сайт, icetrade.by, ЭТП БУТБ (butb.by);;"за счёт собственных средств: Пост. СМ № 229 (до 10.07.2026), с 11.07.2026 — Пост. СМ № 168 от 07.04.2026 (открытые конкурентные процедуры — только на ЭТП); бюджетные — Закон «О государственных закупках»";не установлено (rw.by — проверка на бота, не обходилась);нет;по открытым сведениям — отраслевые учебные центры (не проверено);высокая;"крупнейший гос. работодатель (~70 тыс.); доказательств закупок обучения не получено";;"Перечень гос. концернов/холдингов и системообразующих организаций РБ (список из задания + открытые сведения; публичного рейтинга по выручке/налогам за 2024-2025 найти не удалось — ранжирование экспертное)";Гос. объединение. Сайт отдаёт страницу Verification.
BY;ГПО «Белэнерго» (Минскэнерго и др. РУП-облэнерго);электроэнергетика;;icetrade.by, goszakupki.by;;"за счёт собственных средств: Пост. СМ № 229 (до 10.07.2026), с 11.07.2026 — Пост. СМ № 168 от 07.04.2026 (открытые конкурентные процедуры — только на ЭТП); бюджетные — Закон «О государственных закупках»";не установлено (energo.by не открывается);нет;по открытым сведениям — ГУО «Центр подготовки, ПК и переподготовки кадров энергетики» (не проверено);высокая;не найдено;;"Перечень гос. концернов/холдингов и системообразующих организаций РБ (список из задания + открытые сведения; публичного рейтинга по выручке/налогам за 2024-2025 найти не удалось — ранжирование экспертное)";"РУП «Минскэнерго» — в числе крупнейших налогоплательщиков Минска (СМИ). сайт компании из облака не открывается (reset/403/503), icetrade.by — 403 Access denied, goszakupki.by — reset; не проверено"
BY;РУП «Белорусская атомная электростанция»;атомная энергетика;ЭТП БУТБ (butb.by), Собственный портал или сайт;;«Закупки»: размещение спецификаций на БУТБ (биржевые торги), отчёты по импорту;за счёт собственных средств (Положение о закупках при строительстве за счёт собственных средств) + госсредства;https://belaes.by/ru/o-predpriyatii/zakupki.html;да;да: учебно-тренировочный центр (УТЦ) — https://belaes.by/ru/obrazovatelnaya-deyatelnost/obshchaya-informatsiya.html;средняя;УТЦ ориентирован на техническую подготовку персонала;;"Перечень гос. концернов/холдингов и системообразующих организаций РБ (список из задания + открытые сведения; публичного рейтинга по выручке/налогам за 2024-2025 найти не удалось — ранжирование экспертное)";Страница открыта (WebFetch). Подрядчик строительства — Росатом (в перечне), но БелАЭС — белорусское гос. РУП, не дочернее.
BY;Белорусский гос. концерн пищевой промышленности «Белгоспищепром»;пищевая промышленность (концерн);;icetrade.by, ЭТП БУТБ (butb.by);;"за счёт собственных средств: Пост. СМ № 229 (до 10.07.2026), с 11.07.2026 — Пост. СМ № 168 от 07.04.2026 (открытые конкурентные процедуры — только на ЭТП); бюджетные — Закон «О государственных закупках»";не установлено (сайт не открывается);нет;нет данных;низкая;не найдено;;"Перечень гос. концернов/холдингов и системообразующих организаций РБ (список из задания + открытые сведения; публичного рейтинга по выручке/налогам за 2024-2025 найти не удалось — ранжирование экспертное)";"Концерн-управляющий; закупки — на уровне предприятий. сайт компании из облака не открывается (reset/403/503), icetrade.by — 403 Access denied, goszakupki.by — reset; не проверено"
BY;Белорусский гос. концерн «Беллегпром»;лёгкая промышленность (концерн);;ЭТП БУТБ (butb.by);;"за счёт собственных средств: Пост. СМ № 229 (до 10.07.2026), с 11.07.2026 — Пост. СМ № 168 от 07.04.2026 (открытые конкурентные процедуры — только на ЭТП); бюджетные — Закон «О государственных закупках»";https://bellegprom.by/ (ссылка на БУТБ);нет;нет данных;низкая;не найдено;;"Перечень гос. концернов/холдингов и системообразующих организаций РБ (список из задания + открытые сведения; публичного рейтинга по выручке/налогам за 2024-2025 найти не удалось — ранжирование экспертное)";Главная открыта, отдельной страницы закупок не найдено.
BY;Концерн «Беллесбумпром»;лесная и деревообрабатывающая (концерн);;icetrade.by, ЭТП БУТБ (butb.by);;"за счёт собственных средств: Пост. СМ № 229 (до 10.07.2026), с 11.07.2026 — Пост. СМ № 168 от 07.04.2026 (открытые конкурентные процедуры — только на ЭТП); бюджетные — Закон «О государственных закупках»";не найдено (сайт открыт, sitemap без раздела закупок);нет;нет данных;низкая;не найдено;;"Перечень гос. концернов/холдингов и системообразующих организаций РБ (список из задания + открытые сведения; публичного рейтинга по выручке/налогам за 2024-2025 найти не удалось — ранжирование экспертное)";Концерн-управляющий.
BY;ОАО «Гомсельмаш» (холдинг «Гомсельмаш»);сельхозмашиностроение;icetrade.by, goszakupki.by, ЭТП БУТБ (butb.by);;"«Закупки»: потребность по 16 группам материалов; размещение на icetrade.by, goszakupki.by, butb.by";за счёт собственных средств по Пост. СМ № 168 от 07.04.2026 (прямо указано на странице) + собственный порядок;https://gomselmash.by/konkursy-zakupki/;да;нет данных;средняя;закупки обучения не упомянуты;;"Перечень гос. концернов/холдингов и системообразующих организаций РБ (список из задания + открытые сведения; публичного рейтинга по выручке/налогам за 2024-2025 найти не удалось — ранжирование экспертное)";"Страница открыта (WebFetch); первая подтверждённая ссылка на переход с Пост. 229 на Пост. 168."
BY;ОАО «Амкодор» — управляющая компания холдинга;машиностроение (дорожная техника);;icetrade.by;;"за счёт собственных средств: Пост. СМ № 229 (до 10.07.2026), с 11.07.2026 — Пост. СМ № 168 от 07.04.2026 (открытые конкурентные процедуры — только на ЭТП); бюджетные — Закон «О государственных закупках»";не найдено (amkodor.by открыт, раздела закупок не обнаружено);нет;нет данных;низкая;не найдено;;"Перечень гос. концернов/холдингов и системообразующих организаций РБ (список из задания + открытые сведения; публичного рейтинга по выручке/налогам за 2024-2025 найти не удалось — ранжирование экспертное)";
BY;ОАО «Могилевхимволокно» (Могилевский завод «Химволокно»);химия (волокна);;icetrade.by;;"за счёт собственных средств: Пост. СМ № 229 (до 10.07.2026), с 11.07.2026 — Пост. СМ № 168 от 07.04.2026 (открытые конкурентные процедуры — только на ЭТП); бюджетные — Закон «О государственных закупках»";не установлено (сайт не открывается);нет;нет данных;низкая;не найдено;;"Перечень гос. концернов/холдингов и системообразующих организаций РБ (список из задания + открытые сведения; публичного рейтинга по выручке/налогам за 2024-2025 найти не удалось — ранжирование экспертное)";"сайт компании из облака не открывается (reset/403/503), icetrade.by — 403 Access denied, goszakupki.by — reset; не проверено"
BY;ОАО «Белорусская цементная компания»;стройматериалы (холдинг);;icetrade.by, ЭТП БУТБ (butb.by);;"за счёт собственных средств: Пост. СМ № 229 (до 10.07.2026), с 11.07.2026 — Пост. СМ № 168 от 07.04.2026 (открытые конкурентные процедуры — только на ЭТП); бюджетные — Закон «О государственных закупках»";не найдено (belcement.by открыт, раздела закупок не обнаружено);нет;нет данных;низкая;не найдено;;"Перечень гос. концернов/холдингов и системообразующих организаций РБ (список из задания + открытые сведения; публичного рейтинга по выручке/налогам за 2024-2025 найти не удалось — ранжирование экспертное)";
BY;Белкоопсоюз (Белорусский республиканский союз потребительских обществ);потребкооперация, торговля;;icetrade.by;;собственный порядок кооперации (не проверено);не установлено (сайт не открывается);нет;по открытым сведениям — учебные заведения системы (БТЭУ ПК) (не проверено);средняя;не найдено;;"Перечень гос. концернов/холдингов и системообразующих организаций РБ (список из задания + открытые сведения; публичного рейтинга по выручке/налогам за 2024-2025 найти не удалось — ранжирование экспертное)";"сайт компании из облака не открывается (reset/403/503), icetrade.by — 403 Access denied, goszakupki.by — reset; не проверено"
BY;РУП «Белпочта»;почта, логистика;;icetrade.by;;"за счёт собственных средств: Пост. СМ № 229 (до 10.07.2026), с 11.07.2026 — Пост. СМ № 168 от 07.04.2026 (открытые конкурентные процедуры — только на ЭТП); бюджетные — Закон «О государственных закупках»";https://belpost.by/zakupki (SPA, содержимое не отображается без браузера);нет;нет данных;средняя;не найдено;;"Перечень гос. концернов/холдингов и системообразующих организаций РБ (список из задания + открытые сведения; публичного рейтинга по выручке/налогам за 2024-2025 найти не удалось — ранжирование экспертное)";"Адрес отвечает 200, но содержимое — JS-приложение; не подтверждено."
BY;РУП «Белтаможсервис»;логистика, таможенные услуги;;icetrade.by;;"за счёт собственных средств: Пост. СМ № 229 (до 10.07.2026), с 11.07.2026 — Пост. СМ № 168 от 07.04.2026 (открытые конкурентные процедуры — только на ЭТП); бюджетные — Закон «О государственных закупках»";не установлено (сайт не открывается);нет;нет данных;низкая;не найдено;;"Перечень гос. концернов/холдингов и системообразующих организаций РБ (список из задания + открытые сведения; публичного рейтинга по выручке/налогам за 2024-2025 найти не удалось — ранжирование экспертное)";"сайт компании из облака не открывается (reset/403/503), icetrade.by — 403 Access denied, goszakupki.by — reset; не проверено"
BY;Группа компаний «Санта» (Santa Bremor, Санта Ритейл);пищевая промышленность, ритейл;;;;частная/иностранная компания — собственное положение о закупках (Пост. 229/168 не распространяется, если доля государства не превышает порог);не найдено (santa.by открыт, раздела закупок нет);нет;нет данных;средняя;не найдено;;Крупнейшие частные группы РБ (открытые сведения, экспертное ранжирование);Частная группа.
BY;СЗАО «БЕЛДЖИ»;автомобилестроение;;;;"СЗАО (гос. + Geely); собственный порядок (не проверено)";не найдено (belgee.by открыт, раздела закупок нет);нет;нет данных;низкая;не найдено;;"Перечень гос. концернов/холдингов и системообразующих организаций РБ (список из задания + открытые сведения; публичного рейтинга по выручке/налогам за 2024-2025 найти не удалось — ранжирование экспертное)";Партнёр — Geely (в перечне «Джили (Geely)» — российский дистрибьютор), не дочернее.
BY;ОАО «Интеграл» — управляющая компания холдинга «Интеграл»;микроэлектроника;;icetrade.by;;"за счёт собственных средств: Пост. СМ № 229 (до 10.07.2026), с 11.07.2026 — Пост. СМ № 168 от 07.04.2026 (открытые конкурентные процедуры — только на ЭТП); бюджетные — Закон «О государственных закупках»";не найдено (integral.by открыт, раздела закупок нет);нет;нет данных;низкая;не найдено;;"Перечень гос. концернов/холдингов и системообразующих организаций РБ (список из задания + открытые сведения; публичного рейтинга по выручке/налогам за 2024-2025 найти не удалось — ранжирование экспертное)";
BY;ЗАО «АТЛАНТ»;бытовая техника;Собственный портал или сайт;;«Закупки»: график закупок, годовая потребность в ТМЦ 2026 (МЗХ, БСЗ), контакты;"за счёт собственных средств: Пост. СМ № 229 (до 10.07.2026), с 11.07.2026 — Пост. СМ № 168 от 07.04.2026 (открытые конкурентные процедуры — только на ЭТП); бюджетные — Закон «О государственных закупках» (не проверено, доля государства)";https://atlant.by/business/purchases/requirement/;да;нет данных;низкая;"закупки ТМЦ; обучения нет";;"Перечень гос. концернов/холдингов и системообразующих организаций РБ (список из задания + открытые сведения; публичного рейтинга по выручке/налогам за 2024-2025 найти не удалось — ранжирование экспертное)";Страница открыта (WebFetch).
BY;ОАО «МЗКТ» (Минский завод колёсных тягачей);машиностроение (спецшасси);;icetrade.by;;"за счёт собственных средств: Пост. СМ № 229 (до 10.07.2026), с 11.07.2026 — Пост. СМ № 168 от 07.04.2026 (открытые конкурентные процедуры — только на ЭТП); бюджетные — Закон «О государственных закупках»";не найдено (mzkt.by открыт, раздела закупок нет);нет;нет данных;низкая;не найдено;;"Перечень гос. концернов/холдингов и системообразующих организаций РБ (список из задания + открытые сведения; публичного рейтинга по выручке/налогам за 2024-2025 найти не удалось — ранжирование экспертное)";
BY;ГПО «Белтопгаз»;газоснабжение;;ЭТП БУТБ (butb.by), icetrade.by;;"за счёт собственных средств: Пост. СМ № 229 (до 10.07.2026), с 11.07.2026 — Пост. СМ № 168 от 07.04.2026 (открытые конкурентные процедуры — только на ЭТП); бюджетные — Закон «О государственных закупках»";не найдено (topgas.by открыт, есть ссылка на БУТБ);нет;нет данных;средняя;не найдено;;"Перечень гос. концернов/холдингов и системообразующих организаций РБ (список из задания + открытые сведения; публичного рейтинга по выручке/налогам за 2024-2025 найти не удалось — ранжирование экспертное)";
BY;ООО «ЛУКОЙЛ Белоруссия» / ООО «ЛУКОЙЛ Белнефтепродукт»;АЗС, нефтепродукты;Собственный портал или сайт, единая база тендеров ПАО «ЛУКОЙЛ»;;"Тендеры: заявка+анкеты в течение 20 дней; база тендеров группы";корпоративные правила группы ЛУКОЙЛ;https://lukoil.by/ru/Company/Tenders;да;нет данных;низкая;не найдено;;Крупнейшие частные группы РБ (открытые сведения, экспертное ранжирование);Дочернее общество ПАО «Лукойл» (в перечне) — не пропущенное.
BY;ОАО «Гродненская табачная фабрика «Неман»;табачная промышленность;;icetrade.by;;"за счёт собственных средств: Пост. СМ № 229 (до 10.07.2026), с 11.07.2026 — Пост. СМ № 168 от 07.04.2026 (открытые конкурентные процедуры — только на ЭТП); бюджетные — Закон «О государственных закупках»";не установлено;нет;нет данных;низкая;не найдено;;"Перечень гос. концернов/холдингов и системообразующих организаций РБ (список из задания + открытые сведения; публичного рейтинга по выручке/налогам за 2024-2025 найти не удалось — ранжирование экспертное)";Крупный налогоплательщик (акцизы). Не путать с ОАО «Стеклозавод «Неман» (neman.by).
BY;ООО «Табак-инвест»;торговля табаком;;;;частная/иностранная компания — собственное положение о закупках (Пост. 229/168 не распространяется, если доля государства не превышает порог);не установлено (сайт не открывается);нет;нет данных;низкая;не найдено;;Крупнейшие частные группы РБ (открытые сведения, экспертное ранжирование);"Крупный налогоплательщик (СМИ). сайт компании из облака не открывается (reset/403/503), icetrade.by — 403 Access denied, goszakupki.by — reset; не проверено"
BY;Белорусское республиканское унитарное страховое предприятие «Белгосстрах»;страхование;;icetrade.by;;"за счёт собственных средств: Пост. СМ № 229 (до 10.07.2026), с 11.07.2026 — Пост. СМ № 168 от 07.04.2026 (открытые конкурентные процедуры — только на ЭТП); бюджетные — Закон «О государственных закупках»";не установлено (сайт не открывается);нет;нет данных;средняя;не найдено;;"Перечень гос. концернов/холдингов и системообразующих организаций РБ (список из задания + открытые сведения; публичного рейтинга по выручке/налогам за 2024-2025 найти не удалось — ранжирование экспертное)";"сайт компании из облака не открывается (reset/403/503), icetrade.by — 403 Access denied, goszakupki.by — reset; не проверено"
